"Customer ID",Total_Spent,Customer_Type
1,53,"Low Value"
2,64,"Low Value"
3,73,"Low Value"
4,90,"Low Value"
5,49,"Low Value"
6,20,"Low Value"
7,85,"Low Value"
8,34,"Low Value"
9,97,"Low Value"
10,31,"Low Value"
11,34,"Low Value"
12,68,"Low Value"
13,72,"Low Value"
14,51,"Low Value"
15,53,"Low Value"
16,81,"Low Value"
17,36,"Low Value"
18,38,"Low Value"
19,48,"Low Value"
20,90,"Low Value"
21,51,"Low Value"
22,62,"Low Value"
23,37,"Low Value"
24,88,"Low Value"
25,22,"Low Value"
26,25,"Low Value"
27,20,"Low Value"
28,56,"Low Value"
29,94,"Low Value"
30,48,"Low Value"
31,31,"Low Value"
32,79,"Low Value"
33,67,"Low Value"
34,38,"Low Value"
35,91,"Low Value"
36,33,"Low Value"
37,69,"Low Value"
38,45,"Low Value"
39,37,"Low Value"
40,60,"Low Value"
41,76,"Low Value"
42,39,"Low Value"
43,100,"Low Value"
44,69,"Low Value"
45,53,"Low Value"
46,21,"Low Value"
47,43,"Low Value"
48,54,"Low Value"
49,55,"Low Value"
50,30,"Low Value"
51,28,"Low Value"
52,59,"Low Value"
53,20,"Low Value"
54,24,"Low Value"
55,94,"Low Value"
56,28,"Low Value"
57,73,"Low Value"
58,64,"Low Value"
59,54,"Low Value"
60,79,"Low Value"
61,37,"Low Value"
62,68,"Low Value"
63,21,"Low Value"
64,79,"Low Value"
65,83,"Low Value"
66,36,"Low Value"
67,94,"Low Value"
68,33,"Low Value"
69,46,"Low Value"
70,70,"Low Value"
71,29,"Low Value"
72,48,"Low Value"
73,26,"Low Value"
74,85,"Low Value"
75,58,"Low Value"
76,85,"Low Value"
77,43,"Low Value"
78,53,"Low Value"
79,91,"Low Value"
80,96,"Low Value"
81,72,"Low Value"
82,96,"Low Value"
83,28,"Low Value"
84,40,"Low Value"
85,32,"Low Value"
86,95,"Low Value"
87,41,"Low Value"
88,53,"Low Value"
89,47,"Low Value"
90,83,"Low Value"
91,48,"Low Value"
92,99,"Low Value"
93,87,"Low Value"
94,62,"Low Value"
95,76,"Low Value"
96,100,"Low Value"
97,73,"Low Value"
98,92,"Low Value"
99,67,"Low Value"
100,40,"Low Value"
101,98,"Low Value"
102,85,"Low Value"
103,67,"Low Value"
104,89,"Low Value"
105,24,"Low Value"
106,96,"Low Value"
107,35,"Low Value"
108,67,"Low Value"
109,79,"Low Value"
110,85,"Low Value"
111,26,"Low Value"
112,75,"Low Value"
113,65,"Low Value"
114,54,"Low Value"
115,95,"Low Value"
116,94,"Low Value"
117,86,"Low Value"
118,32,"Low Value"
119,45,"Low Value"
120,76,"Low Value"
121,84,"Low Value"
122,72,"Low Value"
123,40,"Low Value"
124,89,"Low Value"
125,86,"Low Value"
126,54,"Low Value"
127,36,"Low Value"
128,89,"Low Value"
129,32,"Low Value"
130,67,"Low Value"
131,39,"Low Value"
132,29,"Low Value"
133,58,"Low Value"
134,65,"Low Value"
135,94,"Low Value"
136,81,"Low Value"
137,86,"Low Value"
138,43,"Low Value"
139,29,"Low Value"
140,95,"Low Value"
141,28,"Low Value"
142,46,"Low Value"
143,58,"Low Value"
144,48,"Low Value"
145,43,"Low Value"
146,95,"Low Value"
147,30,"Low Value"
148,64,"Low Value"
149,90,"Low Value"
150,76,"Low Value"
151,96,"Low Value"
152,47,"Low Value"
153,85,"Low Value"
154,55,"Low Value"
155,98,"Low Value"
156,77,"Low Value"
157,26,"Low Value"
158,68,"Low Value"
159,73,"Low Value"
160,27,"Low Value"
161,23,"Low Value"
162,49,"Low Value"
163,74,"Low Value"
164,67,"Low Value"
165,65,"Low Value"
166,60,"Low Value"
167,31,"Low Value"
168,27,"Low Value"
169,80,"Low Value"
170,30,"Low Value"
171,25,"Low Value"
172,35,"Low Value"
173,67,"Low Value"
174,46,"Low Value"
175,35,"Low Value"
176,86,"Low Value"
177,81,"Low Value"
178,42,"Low Value"
179,43,"Low Value"
180,31,"Low Value"
181,81,"Low Value"
182,61,"Low Value"
183,96,"Low Value"
184,29,"Low Value"
185,33,"Low Value"
186,32,"Low Value"
187,56,"Low Value"
188,94,"Low Value"
189,53,"Low Value"
190,82,"Low Value"
191,70,"Low Value"
192,76,"Low Value"
193,29,"Low Value"
194,100,"Low Value"
195,94,"Low Value"
196,25,"Low Value"
197,88,"Low Value"
198,78,"Low Value"
199,45,"Low Value"
200,73,"Low Value"
201,61,"Low Value"
202,22,"Low Value"
203,38,"Low Value"
204,38,"Low Value"
205,100,"Low Value"
206,64,"Low Value"
207,55,"Low Value"
208,91,"Low Value"
209,38,"Low Value"
210,97,"Low Value"
211,22,"Low Value"
212,92,"Low Value"
213,84,"Low Value"
214,93,"Low Value"
215,50,"Low Value"
216,64,"Low Value"
217,61,"Low Value"
218,48,"Low Value"
219,45,"Low Value"
220,88,"Low Value"
221,57,"Low Value"
222,68,"Low Value"
223,94,"Low Value"
224,41,"Low Value"
225,83,"Low Value"
226,22,"Low Value"
227,74,"Low Value"
228,90,"Low Value"
229,79,"Low Value"
230,28,"Low Value"
231,88,"Low Value"
232,26,"Low Value"
233,27,"Low Value"
234,83,"Low Value"
235,39,"Low Value"
236,89,"Low Value"
237,68,"Low Value"
238,90,"Low Value"
239,34,"Low Value"
240,51,"Low Value"
241,45,"Low Value"
242,88,"Low Value"
243,85,"Low Value"
244,100,"Low Value"
245,42,"Low Value"
246,53,"Low Value"
247,86,"Low Value"
248,66,"Low Value"
249,100,"Low Value"
250,47,"Low Value"
251,25,"Low Value"
252,51,"Low Value"
253,41,"Low Value"
254,73,"Low Value"
255,42,"Low Value"
256,20,"Low Value"
257,30,"Low Value"
258,53,"Low Value"
259,74,"Low Value"
260,57,"Low Value"
261,57,"Low Value"
262,77,"Low Value"
263,40,"Low Value"
264,46,"Low Value"
265,78,"Low Value"
266,59,"Low Value"
267,75,"Low Value"
268,54,"Low Value"
269,42,"Low Value"
270,44,"Low Value"
271,52,"Low Value"
272,69,"Low Value"
273,26,"Low Value"
274,33,"Low Value"
275,32,"Low Value"
276,85,"Low Value"
277,30,"Low Value"
278,29,"Low Value"
279,95,"Low Value"
280,69,"Low Value"
281,69,"Low Value"
282,61,"Low Value"
283,94,"Low Value"
284,30,"Low Value"
285,45,"Low Value"
286,39,"Low Value"
287,51,"Low Value"
288,37,"Low Value"
289,62,"Low Value"
290,85,"Low Value"
291,33,"Low Value"
292,26,"Low Value"
293,99,"Low Value"
294,39,"Low Value"
295,20,"Low Value"
296,42,"Low Value"
297,74,"Low Value"
298,26,"Low Value"
299,53,"Low Value"
300,80,"Low Value"
301,98,"Low Value"
302,95,"Low Value"
303,44,"Low Value"
304,60,"Low Value"
305,84,"Low Value"
306,59,"Low Value"
307,49,"Low Value"
308,32,"Low Value"
309,29,"Low Value"
310,22,"Low Value"
311,85,"Low Value"
312,52,"Low Value"
313,89,"Low Value"
314,77,"Low Value"
315,24,"Low Value"
316,24,"Low Value"
317,22,"Low Value"
318,82,"Low Value"
319,67,"Low Value"
320,74,"Low Value"
321,72,"Low Value"
322,36,"Low Value"
323,95,"Low Value"
324,78,"Low Value"
325,82,"Low Value"
326,70,"Low Value"
327,41,"Low Value"
328,42,"Low Value"
329,50,"Low Value"
330,31,"Low Value"
331,51,"Low Value"
332,98,"Low Value"
333,86,"Low Value"
334,64,"Low Value"
335,46,"Low Value"
336,85,"Low Value"
337,81,"Low Value"
338,59,"Low Value"
339,79,"Low Value"
340,33,"Low Value"
341,47,"Low Value"
342,20,"Low Value"
343,36,"Low Value"
344,39,"Low Value"
345,71,"Low Value"
346,59,"Low Value"
347,50,"Low Value"
348,41,"Low Value"
349,59,"Low Value"
350,87,"Low Value"
351,68,"Low Value"
352,90,"Low Value"
353,71,"Low Value"
354,64,"Low Value"
355,76,"Low Value"
356,42,"Low Value"
357,80,"Low Value"
358,56,"Low Value"
359,25,"Low Value"
360,74,"Low Value"
361,30,"Low Value"
362,96,"Low Value"
363,64,"Low Value"
364,88,"Low Value"
365,88,"Low Value"
366,88,"Low Value"
367,36,"Low Value"
368,40,"Low Value"
369,39,"Low Value"
370,40,"Low Value"
371,34,"Low Value"
372,83,"Low Value"
373,85,"Low Value"
374,27,"Low Value"
375,78,"Low Value"
376,32,"Low Value"
377,51,"Low Value"
378,32,"Low Value"
379,62,"Low Value"
380,29,"Low Value"
381,69,"Low Value"
382,25,"Low Value"
383,76,"Low Value"
384,77,"Low Value"
385,33,"Low Value"
386,93,"Low Value"
387,39,"Low Value"
388,93,"Low Value"
389,82,"Low Value"
390,42,"Low Value"
391,71,"Low Value"
392,86,"Low Value"
393,82,"Low Value"
394,65,"Low Value"
395,29,"Low Value"
396,65,"Low Value"
397,88,"Low Value"
398,46,"Low Value"
399,67,"Low Value"
400,35,"Low Value"
401,66,"Low Value"
402,91,"Low Value"
403,78,"Low Value"
404,45,"Low Value"
405,93,"Low Value"
406,74,"Low Value"
407,55,"Low Value"
408,76,"Low Value"
409,66,"Low Value"
410,51,"Low Value"
411,26,"Low Value"
412,29,"Low Value"
413,74,"Low Value"
414,99,"Low Value"
415,88,"Low Value"
416,31,"Low Value"
417,55,"Low Value"
418,81,"Low Value"
419,73,"Low Value"
420,91,"Low Value"
421,54,"Low Value"
422,40,"Low Value"
423,59,"Low Value"
424,26,"Low Value"
425,23,"Low Value"
426,87,"Low Value"
427,71,"Low Value"
428,91,"Low Value"
429,64,"Low Value"
430,94,"Low Value"
431,40,"Low Value"
432,76,"Low Value"
433,86,"Low Value"
434,92,"Low Value"
435,52,"Low Value"
436,28,"Low Value"
437,46,"Low Value"
438,50,"Low Value"
439,23,"Low Value"
440,50,"Low Value"
441,89,"Low Value"
442,81,"Low Value"
443,69,"Low Value"
444,67,"Low Value"
445,20,"Low Value"
446,29,"Low Value"
447,74,"Low Value"
448,82,"Low Value"
449,23,"Low Value"
450,45,"Low Value"
451,21,"Low Value"
452,31,"Low Value"
453,45,"Low Value"
454,56,"Low Value"
455,97,"Low Value"
456,100,"Low Value"
457,96,"Low Value"
458,99,"Low Value"
459,91,"Low Value"
460,30,"Low Value"
461,65,"Low Value"
462,93,"Low Value"
463,81,"Low Value"
464,81,"Low Value"
465,52,"Low Value"
466,88,"Low Value"
467,24,"Low Value"
468,51,"Low Value"
469,38,"Low Value"
470,46,"Low Value"
471,63,"Low Value"
472,72,"Low Value"
473,39,"Low Value"
474,42,"Low Value"
475,76,"Low Value"
476,66,"Low Value"
477,90,"Low Value"
478,56,"Low Value"
479,43,"Low Value"
480,84,"Low Value"
481,88,"Low Value"
482,88,"Low Value"
483,42,"Low Value"
484,73,"Low Value"
485,73,"Low Value"
486,44,"Low Value"
487,63,"Low Value"
488,68,"Low Value"
489,29,"Low Value"
490,85,"Low Value"
491,42,"Low Value"
492,69,"Low Value"
493,62,"Low Value"
494,48,"Low Value"
495,68,"Low Value"
496,36,"Low Value"
497,63,"Low Value"
498,39,"Low Value"
499,78,"Low Value"
500,99,"Low Value"
501,31,"Low Value"
502,45,"Low Value"
503,30,"Low Value"
504,24,"Low Value"
505,22,"Low Value"
506,63,"Low Value"
507,40,"Low Value"
508,20,"Low Value"
509,20,"Low Value"
510,80,"Low Value"
511,87,"Low Value"
512,46,"Low Value"
513,49,"Low Value"
514,65,"Low Value"
515,62,"Low Value"
516,67,"Low Value"
517,41,"Low Value"
518,49,"Low Value"
519,100,"Low Value"
520,54,"Low Value"
521,84,"Low Value"
522,41,"Low Value"
523,88,"Low Value"
524,40,"Low Value"
525,39,"Low Value"
526,37,"Low Value"
527,52,"Low Value"
528,23,"Low Value"
529,88,"Low Value"
530,84,"Low Value"
531,37,"Low Value"
532,51,"Low Value"
533,76,"Low Value"
534,60,"Low Value"
535,72,"Low Value"
536,45,"Low Value"
537,84,"Low Value"
538,49,"Low Value"
539,22,"Low Value"
540,48,"Low Value"
541,37,"Low Value"
542,27,"Low Value"
543,79,"Low Value"
544,98,"Low Value"
545,64,"Low Value"
546,32,"Low Value"
547,74,"Low Value"
548,50,"Low Value"
549,64,"Low Value"
550,29,"Low Value"
551,62,"Low Value"
552,78,"Low Value"
553,94,"Low Value"
554,59,"Low Value"
555,47,"Low Value"
556,57,"Low Value"
557,90,"Low Value"
558,60,"Low Value"
559,77,"Low Value"
560,41,"Low Value"
561,48,"Low Value"
562,65,"Low Value"
563,62,"Low Value"
564,99,"Low Value"
565,58,"Low Value"
566,43,"Low Value"
567,93,"Low Value"
568,50,"Low Value"
569,88,"Low Value"
570,33,"Low Value"
571,99,"Low Value"
572,76,"Low Value"
573,97,"Low Value"
574,68,"Low Value"
575,79,"Low Value"
576,86,"Low Value"
577,68,"Low Value"
578,52,"Low Value"
579,90,"Low Value"
580,41,"Low Value"
581,80,"Low Value"
582,100,"Low Value"
583,77,"Low Value"
584,78,"Low Value"
585,94,"Low Value"
586,23,"Low Value"
587,20,"Low Value"
588,86,"Low Value"
589,60,"Low Value"
590,70,"Low Value"
591,39,"Low Value"
592,37,"Low Value"
593,29,"Low Value"
594,35,"Low Value"
595,83,"Low Value"
596,77,"Low Value"
597,37,"Low Value"
598,69,"Low Value"
599,66,"Low Value"
600,26,"Low Value"
601,63,"Low Value"
602,38,"Low Value"
603,58,"Low Value"
604,46,"Low Value"
605,92,"Low Value"
606,32,"Low Value"
607,90,"Low Value"
608,23,"Low Value"
609,25,"Low Value"
610,54,"Low Value"
611,72,"Low Value"
612,33,"Low Value"
613,43,"Low Value"
614,51,"Low Value"
615,85,"Low Value"
616,100,"Low Value"
617,72,"Low Value"
618,57,"Low Value"
619,94,"Low Value"
620,34,"Low Value"
621,89,"Low Value"
622,27,"Low Value"
623,63,"Low Value"
624,70,"Low Value"
625,87,"Low Value"
626,79,"Low Value"
627,79,"Low Value"
628,44,"Low Value"
629,85,"Low Value"
630,90,"Low Value"
631,94,"Low Value"
632,68,"Low Value"
633,51,"Low Value"
634,33,"Low Value"
635,60,"Low Value"
636,59,"Low Value"
637,30,"Low Value"
638,20,"Low Value"
639,20,"Low Value"
640,24,"Low Value"
641,88,"Low Value"
642,78,"Low Value"
643,25,"Low Value"
644,57,"Low Value"
645,93,"Low Value"
646,42,"Low Value"
647,54,"Low Value"
648,70,"Low Value"
649,31,"Low Value"
650,93,"Low Value"
651,40,"Low Value"
652,32,"Low Value"
653,27,"Low Value"
654,68,"Low Value"
655,59,"Low Value"
656,36,"Low Value"
657,23,"Low Value"
658,80,"Low Value"
659,37,"Low Value"
660,52,"Low Value"
661,79,"Low Value"
662,68,"Low Value"
663,98,"Low Value"
664,83,"Low Value"
665,83,"Low Value"
666,55,"Low Value"
667,26,"Low Value"
668,76,"Low Value"
669,85,"Low Value"
670,89,"Low Value"
671,41,"Low Value"
672,30,"Low Value"
673,53,"Low Value"
674,66,"Low Value"
675,33,"Low Value"
676,86,"Low Value"
677,60,"Low Value"
678,62,"Low Value"
679,74,"Low Value"
680,95,"Low Value"
681,25,"Low Value"
682,59,"Low Value"
683,29,"Low Value"
684,36,"Low Value"
685,82,"Low Value"
686,71,"Low Value"
687,35,"Low Value"
688,38,"Low Value"
689,59,"Low Value"
690,91,"Low Value"
691,68,"Low Value"
692,21,"Low Value"
693,95,"Low Value"
694,52,"Low Value"
695,21,"Low Value"
696,67,"Low Value"
697,42,"Low Value"
698,63,"Low Value"
699,41,"Low Value"
700,46,"Low Value"
701,79,"Low Value"
702,90,"Low Value"
703,71,"Low Value"
704,87,"Low Value"
705,66,"Low Value"
706,90,"Low Value"
707,47,"Low Value"
708,38,"Low Value"
709,50,"Low Value"
710,79,"Low Value"
711,91,"Low Value"
712,60,"Low Value"
713,81,"Low Value"
714,90,"Low Value"
715,70,"Low Value"
716,63,"Low Value"
717,29,"Low Value"
718,90,"Low Value"
719,22,"Low Value"
720,22,"Low Value"
721,62,"Low Value"
722,57,"Low Value"
723,32,"Low Value"
724,53,"Low Value"
725,79,"Low Value"
726,61,"Low Value"
727,78,"Low Value"
728,97,"Low Value"
729,78,"Low Value"
730,56,"Low Value"
731,25,"Low Value"
732,28,"Low Value"
733,57,"Low Value"
734,36,"Low Value"
735,69,"Low Value"
736,48,"Low Value"
737,58,"Low Value"
738,24,"Low Value"
739,31,"Low Value"
740,29,"Low Value"
741,69,"Low Value"
742,79,"Low Value"
743,39,"Low Value"
744,84,"Low Value"
745,66,"Low Value"
746,92,"Low Value"
747,45,"Low Value"
748,74,"Low Value"
749,39,"Low Value"
750,71,"Low Value"
751,95,"Low Value"
752,72,"Low Value"
753,85,"Low Value"
754,54,"Low Value"
755,41,"Low Value"
756,24,"Low Value"
757,99,"Low Value"
758,32,"Low Value"
759,71,"Low Value"
760,49,"Low Value"
761,50,"Low Value"
762,91,"Low Value"
763,46,"Low Value"
764,50,"Low Value"
765,39,"Low Value"
766,99,"Low Value"
767,48,"Low Value"
768,77,"Low Value"
769,95,"Low Value"
770,100,"Low Value"
771,54,"Low Value"
772,68,"Low Value"
773,22,"Low Value"
774,84,"Low Value"
775,46,"Low Value"
776,53,"Low Value"
777,60,"Low Value"
778,32,"Low Value"
779,50,"Low Value"
780,94,"Low Value"
781,26,"Low Value"
782,44,"Low Value"
783,57,"Low Value"
784,65,"Low Value"
785,72,"Low Value"
786,62,"Low Value"
787,21,"Low Value"
788,85,"Low Value"
789,51,"Low Value"
790,84,"Low Value"
791,37,"Low Value"
792,44,"Low Value"
793,45,"Low Value"
794,35,"Low Value"
795,50,"Low Value"
796,26,"Low Value"
797,78,"Low Value"
798,82,"Low Value"
799,39,"Low Value"
800,55,"Low Value"
801,20,"Low Value"
802,29,"Low Value"
803,41,"Low Value"
804,38,"Low Value"
805,47,"Low Value"
806,30,"Low Value"
807,56,"Low Value"
808,89,"Low Value"
809,96,"Low Value"
810,81,"Low Value"
811,83,"Low Value"
812,35,"Low Value"
813,56,"Low Value"
814,45,"Low Value"
815,62,"Low Value"
816,84,"Low Value"
817,24,"Low Value"
818,21,"Low Value"
819,91,"Low Value"
820,36,"Low Value"
821,39,"Low Value"
822,39,"Low Value"
823,59,"Low Value"
824,27,"Low Value"
825,94,"Low Value"
826,94,"Low Value"
827,94,"Low Value"
828,51,"Low Value"
829,62,"Low Value"
830,57,"Low Value"
831,76,"Low Value"
832,63,"Low Value"
833,80,"Low Value"
834,68,"Low Value"
835,89,"Low Value"
836,26,"Low Value"
837,90,"Low Value"
838,28,"Low Value"
839,29,"Low Value"
840,31,"Low Value"
841,24,"Low Value"
842,88,"Low Value"
843,87,"Low Value"
844,80,"Low Value"
845,48,"Low Value"
846,21,"Low Value"
847,72,"Low Value"
848,44,"Low Value"
849,73,"Low Value"
850,61,"Low Value"
851,20,"Low Value"
852,86,"Low Value"
853,60,"Low Value"
854,43,"Low Value"
855,44,"Low Value"
856,76,"Low Value"
857,33,"Low Value"
858,60,"Low Value"
859,26,"Low Value"
860,73,"Low Value"
861,87,"Low Value"
862,100,"Low Value"
863,84,"Low Value"
864,41,"Low Value"
865,59,"Low Value"
866,26,"Low Value"
867,69,"Low Value"
868,20,"Low Value"
869,83,"Low Value"
870,54,"Low Value"
871,66,"Low Value"
872,42,"Low Value"
873,33,"Low Value"
874,77,"Low Value"
875,65,"Low Value"
876,39,"Low Value"
877,51,"Low Value"
878,65,"Low Value"
879,89,"Low Value"
880,76,"Low Value"
881,75,"Low Value"
882,61,"Low Value"
883,35,"Low Value"
884,37,"Low Value"
885,91,"Low Value"
886,99,"Low Value"
887,54,"Low Value"
888,47,"Low Value"
889,77,"Low Value"
890,84,"Low Value"
891,51,"Low Value"
892,26,"Low Value"
893,64,"Low Value"
894,51,"Low Value"
895,60,"Low Value"
896,69,"Low Value"
897,29,"Low Value"
898,91,"Low Value"
899,70,"Low Value"
900,58,"Low Value"
901,98,"Low Value"
902,68,"Low Value"
903,44,"Low Value"
904,45,"Low Value"
905,99,"Low Value"
906,68,"Low Value"
907,56,"Low Value"
908,43,"Low Value"
909,99,"Low Value"
910,56,"Low Value"
911,25,"Low Value"
912,74,"Low Value"
913,56,"Low Value"
914,47,"Low Value"
915,67,"Low Value"
916,22,"Low Value"
917,34,"Low Value"
918,64,"Low Value"
919,42,"Low Value"
920,82,"Low Value"
921,81,"Low Value"
922,24,"Low Value"
923,60,"Low Value"
924,24,"Low Value"
925,78,"Low Value"
926,88,"Low Value"
927,63,"Low Value"
928,78,"Low Value"
929,37,"Low Value"
930,94,"Low Value"
931,78,"Low Value"
932,36,"Low Value"
933,24,"Low Value"
934,84,"Low Value"
935,47,"Low Value"
936,51,"Low Value"
937,84,"Low Value"
938,24,"Low Value"
939,97,"Low Value"
940,89,"Low Value"
941,44,"Low Value"
942,35,"Low Value"
943,91,"Low Value"
944,63,"Low Value"
945,97,"Low Value"
946,38,"Low Value"
947,24,"Low Value"
948,32,"Low Value"
949,90,"Low Value"
950,36,"Low Value"
951,37,"Low Value"
952,51,"Low Value"
953,71,"Low Value"
954,50,"Low Value"
955,74,"Low Value"
956,75,"Low Value"
957,99,"Low Value"
958,23,"Low Value"
959,53,"Low Value"
960,99,"Low Value"
961,48,"Low Value"
962,72,"Low Value"
963,64,"Low Value"
964,63,"Low Value"
965,51,"Low Value"
966,55,"Low Value"
967,55,"Low Value"
968,26,"Low Value"
969,67,"Low Value"
970,31,"Low Value"
971,66,"Low Value"
972,67,"Low Value"
973,61,"Low Value"
974,75,"Low Value"
975,90,"Low Value"
976,40,"Low Value"
977,90,"Low Value"
978,20,"Low Value"
979,40,"Low Value"
980,33,"Low Value"
981,98,"Low Value"
982,42,"Low Value"
983,62,"Low Value"
984,45,"Low Value"
985,78,"Low Value"
986,80,"Low Value"
987,96,"Low Value"
988,47,"Low Value"
989,84,"Low Value"
990,31,"Low Value"
991,63,"Low Value"
992,97,"Low Value"
993,99,"Low Value"
994,90,"Low Value"
995,68,"Low Value"
996,80,"Low Value"
997,91,"Low Value"
998,30,"Low Value"
999,90,"Low Value"
1000,28,"Low Value"
