"Customer ID",Lifetime_Value
43,100
96,100
194,100
205,100
244,100
249,100
456,100
519,100
582,100
616,100
770,100
862,100
1209,100
1301,100
1406,100
1413,100
1422,100
1457,100
1480,100
1592,100
1848,100
2072,100
2215,100
2286,100
2431,100
2803,100
2808,100
2843,100
2959,100
2972,100
2995,100
3029,100
3266,100
3322,100
3726,100
3838,100
92,99
293,99
414,99
458,99
500,99
564,99
571,99
757,99
766,99
886,99
905,99
909,99
957,99
960,99
993,99
1206,99
1235,99
1248,99
1286,99
1567,99
1588,99
1810,99
1871,99
1942,99
2010,99
2065,99
2183,99
2272,99
2463,99
2600,99
2612,99
2726,99
2952,99
2975,99
3007,99
3083,99
3148,99
3194,99
3244,99
3273,99
3277,99
3340,99
3347,99
3372,99
3477,99
3527,99
3554,99
3626,99
3747,99
3782,99
3820,99
3865,99
101,98
155,98
301,98
332,98
544,98
663,98
901,98
981,98
1099,98
1133,98
1271,98
1279,98
1470,98
1497,98
1604,98
1735,98
1738,98
1740,98
1792,98
1841,98
1980,98
1993,98
2059,98
2121,98
2142,98
2172,98
2179,98
2456,98
2474,98
2480,98
2531,98
2569,98
2583,98
2607,98
2663,98
2746,98
2749,98
2758,98
2759,98
2774,98
2810,98
3044,98
3073,98
3100,98
3226,98
3247,98
3258,98
3376,98
3395,98
3534,98
3627,98
3655,98
9,97
210,97
455,97
573,97
728,97
939,97
945,97
992,97
1015,97
1084,97
1110,97
1190,97
1226,97
1278,97
1329,97
1375,97
1429,97
1438,97
1579,97
1683,97
1804,97
1898,97
1899,97
1915,97
1984,97
1986,97
2007,97
2019,97
2092,97
2174,97
2230,97
2283,97
2330,97
2394,97
2406,97
2485,97
2548,97
2618,97
2756,97
2806,97
2866,97
2964,97
2977,97
3113,97
3119,97
3133,97
3183,97
3232,97
3269,97
3326,97
3519,97
3528,97
3571,97
3752,97
3872,97
80,96
82,96
106,96
151,96
183,96
362,96
457,96
809,96
987,96
1055,96
1067,96
1074,96
1107,96
1117,96
1165,96
1182,96
1385,96
1719,96
1803,96
1830,96
1872,96
1994,96
2051,96
2216,96
2240,96
2247,96
2253,96
2260,96
2274,96
2308,96
2412,96
2446,96
2484,96
2493,96
2576,96
2662,96
2700,96
2828,96
2996,96
3063,96
3235,96
3331,96
3353,96
3430,96
3442,96
3504,96
3511,96
3561,96
3644,96
3709,96
3741,96
3742,96
3878,96
86,95
115,95
140,95
146,95
279,95
302,95
323,95
680,95
693,95
751,95
769,95
1021,95
1027,95
1196,95
1348,95
1436,95
1449,95
1462,95
1541,95
1585,95
1594,95
1682,95
1696,95
1762,95
1967,95
1991,95
2140,95
2295,95
2310,95
2315,95
2388,95
2414,95
2443,95
2454,95
2610,95
2667,95
2713,95
2768,95
2856,95
2945,95
3079,95
3139,95
3229,95
3260,95
3327,95
3541,95
3576,95
3582,95
3750,95
3815,95
3883,95
29,94
55,94
67,94
116,94
135,94
188,94
195,94
223,94
283,94
430,94
553,94
585,94
619,94
631,94
780,94
825,94
826,94
827,94
930,94
1006,94
1069,94
1170,94
1205,94
1212,94
1284,94
1560,94
1758,94
1779,94
1821,94
1971,94
1981,94
2012,94
2052,94
2085,94
2136,94
2154,94
2190,94
2214,94
2252,94
2266,94
2328,94
2337,94
2377,94
2378,94
2502,94
2505,94
2709,94
2744,94
2773,94
3128,94
3199,94
3283,94
3315,94
3336,94
3339,94
3415,94
3559,94
3570,94
3677,94
3763,94
3786,94
3873,94
214,93
386,93
388,93
405,93
462,93
567,93
645,93
650,93
1261,93
1285,93
1289,93
1319,93
1411,93
1454,93
1516,93
1566,93
1610,93
1654,93
1685,93
1712,93
1749,93
1755,93
1764,93
1927,93
2111,93
2137,93
2178,93
2324,93
2359,93
2479,93
2584,93
2606,93
2611,93
2735,93
2858,93
2950,93
2981,93
3049,93
3114,93
3187,93
3410,93
3434,93
3440,93
3608,93
3756,93
3834,93
98,92
212,92
434,92
605,92
746,92
1073,92
1163,92
1198,92
1238,92
1265,92
1443,92
1465,92
1573,92
1584,92
1605,92
1774,92
1794,92
1815,92
1929,92
2067,92
2161,92
2265,92
2345,92
2470,92
2482,92
2516,92
2696,92
2716,92
2727,92
2789,92
3110,92
3166,92
3205,92
3323,92
3538,92
3733,92
3796,92
3887,92
35,91
79,91
208,91
402,91
420,91
428,91
459,91
690,91
711,91
762,91
819,91
885,91
898,91
943,91
997,91
1138,91
1169,91
1227,91
1332,91
1347,91
1356,91
1512,91
1887,91
1982,91
2088,91
2094,91
2177,91
2220,91
2289,91
2366,91
2481,91
2679,91
2725,91
2767,91
2813,91
2897,91
2926,91
2951,91
2980,91
2991,91
2997,91
3054,91
3248,91
3294,91
3346,91
3423,91
3436,91
3680,91
3689,91
3720,91
3818,91
4,90
20,90
149,90
228,90
238,90
352,90
477,90
557,90
579,90
607,90
630,90
702,90
706,90
714,90
718,90
837,90
949,90
975,90
977,90
994,90
999,90
1028,90
1126,90
1136,90
1208,90
1364,90
1416,90
1428,90
1463,90
1515,90
1645,90
1676,90
1895,90
1960,90
1966,90
2002,90
2141,90
2246,90
2441,90
2509,90
2520,90
2565,90
2574,90
2634,90
2693,90
2719,90
2825,90
2831,90
2882,90
3076,90
3153,90
3156,90
3216,90
3251,90
3394,90
3414,90
3564,90
3588,90
3607,90
3646,90
104,89
124,89
128,89
236,89
313,89
441,89
621,89
670,89
808,89
835,89
879,89
940,89
1031,89
1036,89
1146,89
1159,89
1188,89
1200,89
1353,89
1538,89
1544,89
1768,89
1889,89
1941,89
2000,89
2083,89
2087,89
2089,89
2173,89
2212,89
2251,89
2343,89
2403,89
2770,89
2800,89
2812,89
2821,89
3160,89
3456,89
3469,89
3487,89
3592,89
3624,89
3814,89
24,88
197,88
220,88
231,88
242,88
364,88
365,88
366,88
397,88
415,88
466,88
481,88
482,88
523,88
529,88
569,88
641,88
842,88
926,88
1197,88
1269,88
1432,88
1524,88
1572,88
1630,88
1694,88
1766,88
1783,88
2071,88
2105,88
2167,88
2198,88
2222,88
2237,88
2297,88
2301,88
2401,88
2557,88
2614,88
2708,88
2838,88
2933,88
2957,88
3078,88
3154,88
3180,88
3181,88
3276,88
3476,88
3557,88
3567,88
3629,88
3735,88
3751,88
3860,88
93,87
350,87
426,87
511,87
625,87
704,87
843,87
861,87
1259,87
1312,87
1698,87
1707,87
1713,87
1732,87
2038,87
2126,87
2133,87
2299,87
2390,87
2421,87
2483,87
2643,87
2728,87
2859,87
2909,87
3161,87
3190,87
3406,87
3458,87
3502,87
3591,87
3595,87
3714,87
3770,87
3845,87
117,86
125,86
137,86
176,86
247,86
333,86
392,86
433,86
576,86
588,86
676,86
852,86
1152,86
1252,86
1338,86
1382,86
1508,86
1662,86
1820,86
2064,86
2104,86
2462,86
2533,86
2599,86
2743,86
2879,86
2896,86
2942,86
3009,86
3278,86
3605,86
3611,86
3685,86
3772,86
3817,86
3832,86
3893,86
7,85
74,85
76,85
102,85
110,85
153,85
243,85
276,85
290,85
311,85
336,85
373,85
490,85
615,85
629,85
669,85
753,85
788,85
1009,85
1083,85
1086,85
1298,85
1337,85
1388,85
1461,85
1500,85
1599,85
1734,85
1751,85
1823,85
1858,85
1901,85
2112,85
2116,85
2368,85
2459,85
2661,85
2790,85
2941,85
2987,85
3101,85
3103,85
3136,85
3140,85
3163,85
3217,85
3470,85
3478,85
3523,85
3718,85
3727,85
3877,85
121,84
213,84
305,84
480,84
521,84
530,84
537,84
744,84
774,84
790,84
816,84
863,84
890,84
934,84
937,84
989,84
1026,84
1121,84
1322,84
1509,84
1561,84
1721,84
1910,84
1921,84
2029,84
2159,84
2239,84
2323,84
2349,84
2465,84
2467,84
2501,84
2649,84
2665,84
2836,84
2877,84
3088,84
3223,84
3237,84
3239,84
3701,84
3802,84
3837,84
3843,84
65,83
90,83
225,83
234,83
372,83
595,83
664,83
665,83
811,83
869,83
1007,83
1103,83
1106,83
1137,83
1168,83
1177,83
1268,83
1354,83
1437,83
1532,83
1593,83
1703,83
1710,83
2157,83
2298,83
2396,83
2417,83
2457,83
2472,83
2601,83
2645,83
2656,83
2723,83
2734,83
2829,83
2914,83
2949,83
3147,83
3250,83
3386,83
3413,83
3437,83
3535,83
3544,83
3581,83
3597,83
3704,83
3728,83
3775,83
3852,83
190,82
318,82
325,82
389,82
393,82
448,82
685,82
798,82
920,82
1155,82
1204,82
1537,82
1772,82
1799,82
1953,82
2006,82
2016,82
2048,82
2070,82
2180,82
2236,82
2261,82
2277,82
2290,82
2397,82
2423,82
2489,82
2507,82
2631,82
2720,82
2761,82
2762,82
2886,82
2908,82
2927,82
2954,82
3025,82
3030,82
3102,82
3291,82
3298,82
3303,82
3475,82
3491,82
3494,82
3593,82
3612,82
3621,82
3625,82
3658,82
3730,82
3795,82
3829,82
16,81
136,81
177,81
181,81
337,81
418,81
442,81
463,81
464,81
713,81
810,81
921,81
1070,81
1072,81
1135,81
1176,81
1215,81
1282,81
1299,81
1400,81
1656,81
1708,81
1781,81
1912,81
1968,81
2069,81
2309,81
2360,81
2399,81
2424,81
2564,81
2582,81
2595,81
2646,81
2658,81
2706,81
2739,81
2742,81
2876,81
3021,81
3092,81
3112,81
3245,81
3343,81
3361,81
3512,81
3601,81
3673,81
3753,81
3797,81
3891,81
3900,81
169,80
300,80
357,80
510,80
581,80
658,80
833,80
844,80
986,80
996,80
1043,80
1092,80
1114,80
1231,80
1273,80
1505,80
1580,80
1591,80
1634,80
1652,80
1743,80
1829,80
1831,80
1852,80
1853,80
1950,80
1996,80
2199,80
2361,80
2536,80
2636,80
2740,80
2786,80
2840,80
2929,80
3061,80
3167,80
3225,80
3301,80
3516,80
3594,80
3663,80
3676,80
3743,80
3761,80
3788,80
32,79
60,79
64,79
109,79
229,79
339,79
543,79
575,79
626,79
627,79
661,79
701,79
710,79
725,79
742,79
1005,79
1046,79
1219,79
1232,79
1241,79
1266,79
1313,79
1414,79
1456,79
1817,79
1989,79
2204,79
2255,79
2316,79
2335,79
2364,79
2497,79
2788,79
2845,79
2851,79
3005,79
3042,79
3120,79
3249,79
3285,79
3305,79
3350,79
3407,79
3481,79
3547,79
3708,79
3731,79
3811,79
3853,79
198,78
265,78
324,78
375,78
403,78
499,78
552,78
584,78
642,78
727,78
729,78
797,78
925,78
928,78
931,78
985,78
1211,78
1281,78
1620,78
1648,78
1775,78
1840,78
1843,78
1846,78
1951,78
1979,78
2082,78
2100,78
2188,78
2194,78
2307,78
2355,78
2491,78
2597,78
2910,78
3168,78
3191,78
3215,78
3324,78
3388,78
3443,78
3451,78
3461,78
3857,78
3895,78
156,77
262,77
314,77
384,77
559,77
583,77
596,77
768,77
874,77
889,77
1049,77
1118,77
1239,77
1325,77
1542,77
1582,77
1587,77
1644,77
1647,77
1812,77
1838,77
1870,77
1955,77
1976,77
1983,77
2213,77
2242,77
2332,77
2334,77
2380,77
2504,77
2619,77
2677,77
2846,77
2947,77
3022,77
3124,77
3159,77
3162,77
3584,77
3660,77
3666,77
3684,77
3805,77
3859,77
3899,77
41,76
95,76
120,76
150,76
192,76
355,76
383,76
408,76
432,76
475,76
533,76
572,76
668,76
831,76
856,76
880,76
1020,76
1044,76
1102,76
1143,76
1174,76
1245,76
1441,76
1495,76
1525,76
1569,76
1844,76
1851,76
1856,76
1902,76
2262,76
2338,76
2402,76
2451,76
2475,76
2624,76
2657,76
2738,76
2801,76
2805,76
3051,76
3065,76
3121,76
3127,76
3193,76
3222,76
3246,76
3411,76
3599,76
3854,76
112,75
267,75
881,75
956,75
974,75
1063,75
1071,75
1316,75
1365,75
1370,75
1419,75
1420,75
1528,75
1529,75
1559,75
1563,75
1577,75
1687,75
1693,75
1770,75
1826,75
1836,75
2108,75
2191,75
2506,75
2570,75
2623,75
2641,75
2669,75
2688,75
2733,75
2863,75
2867,75
3313,75
3379,75
3485,75
3620,75
3780,75
3790,75
3813,75
163,74
227,74
259,74
297,74
320,74
360,74
406,74
413,74
447,74
547,74
679,74
748,74
912,74
955,74
1039,74
1213,74
1294,74
1323,74
1481,74
1536,74
1892,74
1908,74
1916,74
2155,74
2169,74
2228,74
2392,74
2556,74
2971,74
3032,74
3048,74
3059,74
3234,74
3243,74
3267,74
3349,74
3360,74
3393,74
3514,74
3525,74
3551,74
3661,74
3851,74
3,73
57,73
97,73
159,73
200,73
254,73
419,73
484,73
485,73
849,73
860,73
1100,73
1132,73
1185,73
1234,73
1275,73
1326,73
1487,73
1519,73
1520,73
1671,73
1673,73
1690,73
1849,73
2028,73
2146,73
2305,73
2375,73
2432,73
2434,73
2473,73
2500,73
2517,73
2540,73
2797,73
2819,73
2852,73
2892,73
2919,73
3010,73
3070,73
3087,73
3299,73
3431,73
3452,73
3463,73
3590,73
3631,73
3633,73
3682,73
3828,73
13,72
81,72
122,72
321,72
472,72
535,72
611,72
617,72
752,72
785,72
847,72
962,72
1077,72
1341,72
1390,72
1466,72
1475,72
1523,72
1590,72
1608,72
1619,72
1725,72
1744,72
1816,72
1865,72
1961,72
2004,72
2227,72
2271,72
2384,72
2455,72
2468,72
2471,72
2526,72
2687,72
2822,72
2849,72
2915,72
2921,72
3188,72
3409,72
3435,72
3659,72
3713,72
3799,72
3803,72
345,71
353,71
391,71
427,71
686,71
703,71
750,71
759,71
953,71
1024,71
1075,71
1088,71
1351,71
1467,71
1472,71
1581,71
1679,71
1715,71
1809,71
1832,71
1876,71
1905,71
1909,71
1918,71
2091,71
2124,71
2241,71
2259,71
2304,71
2354,71
2371,71
2379,71
2560,71
2666,71
2730,71
2853,71
2992,71
3018,71
3060,71
3186,71
3198,71
3227,71
3402,71
3424,71
3439,71
3455,71
3569,71
3598,71
3643,71
3669,71
3725,71
3807,71
3844,71
70,70
191,70
326,70
590,70
624,70
648,70
715,70
899,70
1019,70
1054,70
1192,70
1264,70
1643,70
1688,70
1701,70
1750,70
1969,70
2005,70
2014,70
2036,70
2039,70
2062,70
2545,70
2655,70
2694,70
2722,70
2741,70
2766,70
2781,70
2785,70
2924,70
2958,70
3001,70
3012,70
3027,70
3055,70
3145,70
3279,70
3309,70
3348,70
3391,70
3521,70
3575,70
3687,70
37,69
44,69
272,69
280,69
281,69
381,69
443,69
492,69
598,69
735,69
741,69
867,69
896,69
1014,69
1222,69
1223,69
1334,69
1366,69
1501,69
1649,69
1697,69
1716,69
1859,69
2162,69
2192,69
2419,69
3109,69
3228,69
3282,69
3429,69
3471,69
3518,69
3757,69
3889,69
12,68
62,68
158,68
222,68
237,68
351,68
488,68
495,68
574,68
577,68
632,68
654,68
662,68
691,68
772,68
834,68
902,68
906,68
995,68
1004,68
1173,68
1187,68
1237,68
1256,68
1277,68
1283,68
1292,68
1360,68
1517,68
1613,68
1936,68
2020,68
2024,68
2045,68
2113,68
2122,68
2131,68
2158,68
2206,68
2294,68
2311,68
2339,68
2389,68
2555,68
2609,68
2680,68
2701,68
2923,68
2976,68
3134,68
3192,68
3236,68
3264,68
3316,68
3416,68
3533,68
3647,68
3665,68
3850,68
33,67
99,67
103,67
108,67
130,67
164,67
173,67
319,67
399,67
444,67
516,67
696,67
915,67
969,67
972,67
1113,67
1124,67
1258,67
1315,67
1371,67
1398,67
1483,67
1695,67
1700,67
1807,67
1854,67
1934,67
1959,67
2031,67
2219,67
2280,67
2347,67
2358,67
2453,67
2816,67
2830,67
2901,67
2920,67
2956,67
3045,67
3211,67
3230,67
3287,67
3318,67
3358,67
3482,67
3529,67
3574,67
3619,67
3649,67
3657,67
248,66
401,66
409,66
476,66
599,66
674,66
705,66
745,66
871,66
971,66
1025,66
1112,66
1149,66
1158,66
1358,66
1503,66
1521,66
1535,66
1659,66
1995,66
2073,66
2144,66
2223,66
2235,66
2243,66
2249,66
2367,66
2381,66
2433,66
2591,66
2745,66
2751,66
2780,66
2917,66
3117,66
3135,66
3164,66
3354,66
3382,66
3472,66
3520,66
3542,66
3553,66
3580,66
3638,66
3672,66
3698,66
3702,66
3784,66
113,65
134,65
165,65
394,65
396,65
461,65
514,65
562,65
784,65
875,65
878,65
1119,65
1130,65
1331,65
1377,65
1539,65
1640,65
2003,65
2224,65
2340,65
2445,65
2447,65
2615,65
2683,65
2818,65
2974,65
3006,65
3013,65
3015,65
3212,65
3224,65
3367,65
3404,65
3493,65
3508,65
3675,65
3703,65
3706,65
3778,65
3789,65
3821,65
3890,65
2,64
58,64
148,64
206,64
216,64
334,64
354,64
363,64
429,64
545,64
549,64
893,64
918,64
963,64
1051,64
1057,64
1166,64
1186,64
1221,64
1260,64
1295,64
1372,64
1380,64
1386,64
1435,64
1618,64
1629,64
1667,64
1777,64
1861,64
1873,64
2049,64
2226,64
2233,64
2348,64
2362,64
2391,64
2672,64
2753,64
2900,64
2925,64
2993,64
3036,64
3052,64
3089,64
3099,64
3152,64
3328,64
3425,64
3861,64
3870,64
3886,64
3894,64
471,63
487,63
497,63
506,63
601,63
623,63
698,63
716,63
832,63
927,63
944,63
964,63
991,63
1218,63
1305,63
1330,63
1368,63
1474,63
1530,63
1570,63
1650,63
1745,63
1813,63
1904,63
1923,63
1925,63
2037,63
2061,63
2063,63
2096,63
2182,63
2285,63
2306,63
2327,63
2331,63
2376,63
2466,63
2513,63
2549,63
2575,63
2689,63
2791,63
2824,63
2943,63
2948,63
3074,63
3094,63
3097,63
3288,63
3441,63
3445,63
3539,63
3776,63
3880,63
22,62
94,62
289,62
379,62
493,62
515,62
551,62
563,62
678,62
721,62
786,62
815,62
829,62
983,62
1008,62
1062,62
1087,62
1108,62
1123,62
1171,62
1210,62
1263,62
1324,62
1616,62
1674,62
1780,62
1806,62
1814,62
1866,62
1878,62
2196,62
2221,62
2393,62
2530,62
2561,62
2563,62
2616,62
2718,62
2748,62
2777,62
2809,62
2826,62
2970,62
3387,62
3438,62
3503,62
3712,62
3732,62
182,61
201,61
217,61
282,61
726,61
850,61
882,61
973,61
1090,61
1111,61
1202,61
1293,61
1357,61
1373,61
1408,61
1476,61
1484,61
1692,61
1737,61
1739,61
1855,61
1896,61
2592,61
2755,61
2881,61
3289,61
3363,61
3389,61
3403,61
3483,61
3705,61
3760,61
3856,61
40,60
166,60
304,60
534,60
558,60
589,60
635,60
677,60
712,60
777,60
853,60
858,60
895,60
923,60
1002,60
1247,60
1296,60
1333,60
1424,60
1434,60
1827,60
1862,60
1937,60
2054,60
2125,60
2164,60
2365,60
2383,60
2452,60
2477,60
2550,60
2642,60
2792,60
3008,60
3026,60
3050,60
3254,60
3270,60
3295,60
3304,60
3399,60
3421,60
3454,60
3651,60
3683,60
3722,60
3774,60
3779,60
3849,60
52,59
266,59
306,59
338,59
346,59
349,59
423,59
554,59
636,59
655,59
682,59
689,59
823,59
865,59
1003,59
1079,59
1081,59
1207,59
1311,59
1402,59
1522,59
1534,59
1602,59
1670,59
1711,59
1793,59
1962,59
2084,59
2438,59
2525,59
2625,59
2754,59
2760,59
2898,59
3057,59
3062,59
3066,59
3095,59
3132,59
3170,59
3189,59
3197,59
3359,59
3465,59
3524,59
3664,59
3767,59
3835,59
75,58
133,58
143,58
565,58
603,58
737,58
900,58
1091,58
1116,58
1122,58
1127,58
1384,58
1394,58
1409,58
1609,58
1624,58
1709,58
1760,58
1801,58
1869,58
1884,58
1985,58
2152,58
2160,58
2197,58
2357,58
2487,58
2542,58
2604,58
2635,58
2648,58
2870,58
3033,58
3037,58
3196,58
3218,58
3242,58
3302,58
3332,58
3366,58
3446,58
3448,58
3734,58
3793,58
3836,58
3847,58
221,57
260,57
261,57
556,57
618,57
644,57
722,57
733,57
783,57
830,57
1272,57
1448,57
1458,57
1557,57
1684,57
1802,57
1842,57
1890,57
1891,57
1940,57
2090,57
2120,57
2130,57
2300,57
2407,57
2425,57
2430,57
2699,57
2714,57
2779,57
2794,57
2880,57
3107,57
3238,57
3281,57
3390,57
3392,57
3479,57
3507,57
3650,57
3781,57
3806,57
3842,57
3862,57
28,56
187,56
358,56
454,56
478,56
730,56
807,56
813,56
907,56
910,56
913,56
1164,56
1193,56
1255,56
1280,56
1306,56
1340,56
1344,56
1387,56
1417,56
1477,56
1486,56
1675,56
1759,56
1765,56
1913,56
1920,56
1956,56
2055,56
2278,56
2450,56
2521,56
2544,56
2596,56
2647,56
2802,56
2834,56
2864,56
2979,56
3034,56
3105,56
3115,56
3184,56
3214,56
3412,56
3480,56
3517,56
3540,56
3568,56
3609,56
3721,56
3737,56
49,55
154,55
207,55
407,55
417,55
666,55
800,55
966,55
967,55
1160,55
1172,55
1194,55
1229,55
1383,55
1502,55
1540,55
1550,55
1757,55
1857,55
2034,55
2166,55
2321,55
2326,55
2409,55
2486,55
2617,55
2868,55
2891,55
2989,55
3014,55
3075,55
3155,55
3272,55
3400,55
3447,55
3545,55
3555,55
3589,55
3700,55
3707,55
3804,55
48,54
59,54
114,54
126,54
268,54
421,54
520,54
610,54
647,54
754,54
771,54
870,54
887,54
1145,54
1302,54
1349,54
1378,54
1492,54
1510,54
1600,54
1767,54
1883,54
1958,54
2189,54
2605,54
2705,54
2710,54
2862,54
3093,54
3330,54
3426,54
3509,54
3628,54
3699,54
3759,54
3875,54
1,53
15,53
45,53
78,53
88,53
189,53
246,53
258,53
299,53
673,53
724,53
776,53
959,53
1018,53
1052,53
1128,53
1140,53
1156,53
1270,53
1421,53
1665,53
1728,53
1822,53
1834,53
1847,53
1886,53
1938,53
1944,53
1952,53
2013,53
2075,53
2333,53
2514,53
2523,53
2590,53
2750,53
2832,53
2906,53
2930,53
2939,53
2999,53
3004,53
3096,53
3116,53
3185,53
3417,53
3457,53
3466,53
3717,53
3748,53
3785,53
271,52
312,52
435,52
465,52
527,52
578,52
660,52
694,52
1034,52
1162,52
1214,52
1230,52
1335,52
1491,52
1680,52
1837,52
1868,52
1931,52
2043,52
2097,52
2132,52
2551,52
2664,52
2698,52
2721,52
2752,52
2764,52
2772,52
2934,52
3173,52
3175,52
3178,52
3195,52
3207,52
3262,52
3312,52
3374,52
3381,52
3532,52
3566,52
3585,52
3670,52
3766,52
3846,52
14,51
21,51
240,51
252,51
287,51
331,51
377,51
410,51
468,51
532,51
614,51
633,51
789,51
828,51
877,51
891,51
894,51
936,51
952,51
965,51
1022,51
1242,51
1339,51
1415,51
1446,51
1547,51
1639,51
1641,51
1723,51
1742,51
1897,51
1965,51
1977,51
2032,51
2040,51
2115,51
2138,51
2156,51
2201,51
2207,51
2413,51
2519,51
2626,51
2629,51
2711,51
2787,51
2883,51
3125,51
3182,51
3259,51
3292,51
3370,51
3380,51
3401,51
3536,51
3604,51
3634,51
3745,51
3768,51
3792,51
3876,51
215,50
329,50
347,50
438,50
440,50
548,50
568,50
709,50
761,50
764,50
779,50
795,50
954,50
1032,50
1076,50
1093,50
1225,50
1250,50
1327,50
1410,50
1455,50
1718,50
1733,50
1824,50
1917,50
2060,50
2176,50
2229,50
2352,50
2546,50
2814,50
2837,50
2839,50
2885,50
2931,50
3086,50
3118,50
3157,50
3265,50
3280,50
3290,50
3342,50
3515,50
3522,50
3632,50
3667,50
3671,50
3719,50
5,49
162,49
307,49
513,49
518,49
538,49
760,49
1153,49
1199,49
1287,49
1336,49
1379,49
1464,49
1553,49
1784,49
1947,49
1978,49
2086,49
2175,49
2232,49
2268,49
2344,49
2426,49
2538,49
2589,49
2724,49
2869,49
2946,49
2967,49
3047,49
3231,49
3352,49
3432,49
3863,49
3897,49
19,48
30,48
72,48
91,48
144,48
218,48
494,48
540,48
561,48
736,48
767,48
845,48
961,48
1094,48
1167,48
1257,48
1440,48
1555,48
1603,48
1631,48
1686,48
1729,48
1800,48
1914,48
1987,48
2009,48
2053,48
2153,48
2163,48
2168,48
2291,48
2510,48
2553,48
2579,48
2854,48
2857,48
2873,48
2884,48
2961,48
2969,48
3000,48
3040,48
3067,48
3345,48
3357,48
3368,48
3498,48
3501,48
3697,48
3822,48
89,47
152,47
250,47
341,47
555,47
707,47
805,47
888,47
914,47
935,47
988,47
1037,47
1444,47
1556,47
1621,47
1717,47
1776,47
1825,47
2017,47
2081,47
2129,47
2200,47
2395,47
2448,47
2492,47
2503,47
2529,47
2659,47
2668,47
2841,47
2978,47
3310,47
3375,47
3602,47
3618,47
3787,47
69,46
142,46
174,46
264,46
335,46
398,46
437,46
470,46
512,46
604,46
700,46
763,46
775,46
1001,46
1040,46
1097,46
1195,46
1363,46
1393,46
1407,46
1485,46
1533,46
1548,46
1606,46
1622,46
1808,46
2057,46
2109,46
2209,46
2353,46
2422,46
2534,46
2622,46
2627,46
2878,46
2940,46
3077,46
3111,46
3174,46
3319,46
3377,46
3408,46
3513,46
3694,46
3871,46
38,45
119,45
199,45
219,45
241,45
285,45
404,45
450,45
453,45
502,45
536,45
747,45
793,45
814,45
904,45
984,45
1191,45
1399,45
1554,45
1626,45
1661,45
1769,45
1945,45
1963,45
1999,45
2093,45
2128,45
2149,45
2250,45
2284,45
2288,45
2435,45
2685,45
2715,45
2918,45
2966,45
2983,45
3011,45
3123,45
3268,45
3274,45
3317,45
3337,45
3355,45
3468,45
3531,45
3642,45
3648,45
3668,45
3679,45
3739,45
3783,45
3791,45
270,44
303,44
486,44
628,44
782,44
792,44
848,44
855,44
903,44
941,44
1451,44
1488,44
1489,44
1494,44
1543,44
1564,44
1677,44
1747,44
1761,44
1778,44
1867,44
1874,44
1888,44
1975,44
2119,44
2267,44
2400,44
2440,44
2603,44
2630,44
2632,44
2671,44
2771,44
2793,44
2804,44
2944,44
2984,44
3020,44
3038,44
3082,44
3138,44
3141,44
3321,44
3433,44
3640,44
3688,44
3736,44
3758,44
3798,44
3816,44
47,43
77,43
138,43
145,43
179,43
479,43
566,43
613,43
854,43
908,43
1068,43
1318,43
1343,43
1361,43
1395,43
1546,43
1623,43
1935,43
2098,43
2148,43
2411,43
2476,43
2566,43
2652,43
2678,43
2827,43
2835,43
2865,43
2872,43
2890,43
2902,43
2962,43
3064,43
3384,43
3396,43
3630,43
3710,43
3874,43
178,42
245,42
255,42
269,42
296,42
328,42
356,42
390,42
474,42
483,42
491,42
646,42
697,42
872,42
919,42
982,42
1150,42
1161,42
1355,42
1657,42
1763,42
1805,42
1932,42
1990,42
2079,42
2139,42
2170,42
2427,42
2511,42
2535,42
2541,42
2573,42
2704,42
2798,42
2889,42
3081,42
3176,42
3467,42
3473,42
3506,42
3686,42
3771,42
3824,42
3841,42
3866,42
3879,42
87,41
224,41
253,41
327,41
348,41
517,41
522,41
560,41
580,41
671,41
699,41
755,41
803,41
864,41
1023,41
1131,41
1154,41
1253,41
1450,41
1518,41
1571,41
1583,41
1595,41
1615,41
1617,41
1666,41
1699,41
1702,41
1789,41
1882,41
2135,41
2205,41
2363,41
2644,41
2675,41
2763,41
2765,41
2905,41
3019,41
3072,41
3171,41
3306,41
3505,41
3583,41
3586,41
3596,41
3606,41
3623,41
3695,41
3746,41
3755,41
3819,41
3823,41
84,40
100,40
123,40
263,40
368,40
370,40
422,40
431,40
507,40
524,40
651,40
976,40
979,40
1095,40
1328,40
1367,40
1374,40
1426,40
1668,40
1752,40
1795,40
1850,40
1900,40
2066,40
2114,40
2151,40
2264,40
2420,40
2478,40
2498,40
2577,40
2620,40
2637,40
2707,40
2717,40
2775,40
2874,40
2963,40
2998,40
3069,40
3150,40
3200,40
3220,40
3256,40
3474,40
3711,40
42,39
131,39
235,39
286,39
294,39
344,39
369,39
387,39
473,39
498,39
525,39
591,39
743,39
749,39
765,39
799,39
821,39
822,39
876,39
1141,39
1184,39
1469,39
1720,39
1819,39
2143,39
2256,39
2303,39
2317,39
2373,39
2499,39
2537,39
2578,39
2782,39
2807,39
2893,39
2904,39
2938,39
2973,39
3039,39
3307,39
3610,39
3662,39
3808,39
18,38
34,38
203,38
204,38
209,38
469,38
602,38
688,38
708,38
804,38
946,38
1147,38
1309,38
1391,38
1427,38
1430,38
1439,38
1493,38
1562,38
1788,38
1911,38
1946,38
2023,38
2127,38
2208,38
2270,38
2273,38
2287,38
2320,38
2369,38
2408,38
2429,38
2518,38
2567,38
2676,38
2784,38
2861,38
2912,38
3053,38
3122,38
3202,38
3398,38
3428,38
3495,38
3497,38
3526,38
3565,38
3637,38
3833,38
3884,38
23,37
39,37
61,37
288,37
526,37
531,37
541,37
592,37
597,37
659,37
791,37
884,37
929,37
951,37
1013,37
1228,37
1240,37
1249,37
1345,37
1660,37
1681,37
1949,37
1957,37
2058,37
2181,37
2184,37
2245,37
2248,37
2336,37
2410,37
2458,37
2496,37
2515,37
2586,37
2681,37
2703,37
2823,37
2833,37
2913,37
3035,37
3046,37
3085,37
3104,37
3177,37
3203,37
3241,37
3397,37
3450,37
3459,37
3460,37
3484,37
3549,37
17,36
66,36
127,36
322,36
343,36
367,36
496,36
656,36
684,36
734,36
820,36
932,36
950,36
1029,36
1033,36
1048,36
1053,36
1085,36
1120,36
1134,36
1139,36
1148,36
1151,36
1350,36
1369,36
1445,36
1632,36
1646,36
1651,36
1658,36
1828,36
1863,36
1877,36
1922,36
1924,36
1933,36
2033,36
2123,36
2203,36
2217,36
2231,36
2329,36
2442,36
2460,36
2461,36
2508,36
2528,36
2594,36
2608,36
2654,36
2847,36
2968,36
2982,36
2986,36
2988,36
3091,36
3261,36
3308,36
3341,36
3563,36
3603,36
3681,36
107,35
172,35
175,35
400,35
594,35
687,35
794,35
812,35
883,35
942,35
1061,35
1291,35
1381,35
1447,35
1460,35
1514,35
1596,35
1627,35
1653,35
1678,35
1797,35
1798,35
1835,35
1906,35
2027,35
2106,35
2193,35
2356,35
2385,35
2640,35
2651,35
2660,35
2690,35
2796,35
3149,35
3263,35
3329,35
3334,35
3383,35
3418,35
3427,35
3499,35
3578,35
3769,35
3826,35
3864,35
8,34
11,34
239,34
371,34
620,34
917,34
1060,34
1096,34
1452,34
1558,34
1578,34
1736,34
1773,34
1787,34
1790,34
2078,34
2107,34
2134,34
2185,34
2238,34
2293,34
2318,34
2350,34
2416,34
2490,34
2639,34
2783,34
2871,34
2937,34
3158,34
3179,34
3219,34
3233,34
3296,34
3405,34
3550,34
3600,34
3693,34
3716,34
3723,34
3848,34
3888,34
36,33
68,33
185,33
274,33
291,33
340,33
385,33
570,33
612,33
634,33
675,33
857,33
873,33
980,33
1050,33
1059,33
1080,33
1142,33
1180,33
1307,33
1433,33
1482,33
1498,33
1565,33
1568,33
1669,33
1726,33
1782,33
1875,33
1880,33
1881,33
1919,33
1930,33
1954,33
2022,33
2044,33
2056,33
2387,33
2405,33
2512,33
2522,33
2602,33
2732,33
2842,33
2887,33
2899,33
3098,33
3106,33
3351,33
3365,33
3496,33
3696,33
3810,33
3898,33
85,32
118,32
129,32
186,32
275,32
308,32
376,32
378,32
546,32
606,32
652,32
723,32
758,32
778,32
948,32
1217,32
1276,32
1304,32
1308,32
1317,32
1362,32
1396,32
1478,32
1499,32
1549,32
1625,32
1642,32
1926,32
1948,32
1970,32
2018,32
2042,32
2047,32
2171,32
2186,32
2258,32
2346,32
2539,32
2552,32
2559,32
2691,32
2731,32
2815,32
2860,32
2895,32
2903,32
2911,32
2985,32
3041,32
3129,32
3137,32
3165,32
3240,32
3300,32
3325,32
3378,32
3622,32
3636,32
3645,32
3652,32
3830,32
3867,32
10,31
31,31
167,31
180,31
330,31
416,31
452,31
501,31
649,31
739,31
840,31
970,31
990,31
1175,31
1246,31
1267,31
1321,31
1352,31
1376,31
1526,31
1574,31
1611,31
1614,31
1785,31
1973,31
2101,31
2110,31
2234,31
2254,31
2314,31
2322,31
2342,31
2386,31
2811,31
2932,31
3024,31
3080,31
3108,31
3210,31
3255,31
3286,31
3320,31
3344,31
3371,31
3548,31
3552,31
3616,31
3641,31
3715,31
3729,31
3740,31
3827,31
50,30
147,30
170,30
257,30
277,30
284,30
361,30
460,30
503,30
637,30
672,30
806,30
998,30
1010,30
1017,30
1045,30
1082,30
1129,30
1397,30
1431,30
1504,30
1507,30
1511,30
1597,30
1691,30
1885,30
1893,30
1907,30
1964,30
2035,30
2292,30
2313,30
2444,30
2585,30
2684,30
2702,30
2916,30
3142,30
3209,30
3314,30
3419,30
3422,30
3678,30
3690,30
3724,30
3762,30
3812,30
3892,30
71,29
132,29
139,29
184,29
193,29
278,29
309,29
380,29
395,29
412,29
446,29
489,29
550,29
593,29
683,29
717,29
740,29
802,29
839,29
897,29
1035,29
1064,29
1189,29
1203,29
1262,29
1274,29
1297,29
1392,29
1552,29
1706,29
1753,29
1786,29
1833,29
1879,29
1928,29
1972,29
1992,29
2026,29
2195,29
2581,29
2588,29
2736,29
2875,29
3002,29
3003,29
3146,29
3204,29
3208,29
3221,29
3500,29
3562,29
3613,29
3653,29
3840,29
3869,29
3885,29
51,28
56,28
83,28
141,28
230,28
436,28
732,28
838,28
1000,28
1065,28
1078,28
1101,28
1105,28
1288,28
1314,28
1405,28
1459,28
1576,28
1633,28
1722,28
1727,28
1811,28
1943,28
2076,28
2099,28
2118,28
2312,28
2319,28
2325,28
2527,28
2532,28
2587,28
2670,28
2673,28
2729,28
2817,28
2855,28
2888,28
2955,28
2960,28
3356,28
3449,28
3492,28
3543,28
3546,28
3573,28
3587,28
3674,28
3744,28
3809,28
3896,28
160,27
168,27
233,27
374,27
542,27
622,27
653,27
824,27
1056,27
1098,27
1243,27
1342,27
1423,27
1468,27
1471,27
1746,27
1754,27
1818,27
1997,27
2001,27
2218,27
2275,27
2282,27
2436,27
2495,27
2571,27
2572,27
2633,27
2695,27
2820,27
2907,27
2936,27
3043,27
3311,27
3464,27
3489,27
3572,27
3614,27
3656,27
3831,27
73,26
111,26
157,26
232,26
273,26
292,26
298,26
411,26
424,26
600,26
667,26
781,26
796,26
836,26
859,26
866,26
892,26
968,26
1251,26
1490,26
1551,26
1601,26
1612,26
1689,26
1791,26
1845,26
1860,26
2015,26
2269,26
2351,26
2398,26
2415,26
2428,26
2628,26
2844,26
3017,26
3023,26
3028,26
3071,26
3126,26
3172,26
3257,26
3362,26
3420,26
3490,26
3558,26
3754,26
3773,26
3800,26
3801,26
3825,26
26,25
171,25
196,25
251,25
359,25
382,25
609,25
643,25
681,25
731,25
911,25
1012,25
1038,25
1042,25
1109,25
1115,25
1303,25
1418,25
1442,25
1453,25
1575,25
1586,25
1655,25
1998,25
2008,25
2041,25
2074,25
2095,25
2103,25
2202,25
2211,25
2225,25
2279,25
2372,25
2449,25
2554,25
2568,25
2598,25
2686,25
2692,25
2737,25
2747,25
2769,25
2776,25
2850,25
2965,25
3151,25
3271,25
3369,25
3373,25
3560,25
3615,25
3749,25
3777,25
3839,25
3882,25
54,24
105,24
315,24
316,24
467,24
504,24
640,24
738,24
756,24
817,24
841,24
922,24
924,24
933,24
938,24
947,24
1011,24
1016,24
1224,24
1290,24
1320,24
1412,24
1473,24
1545,24
1589,24
1636,24
1663,24
1839,24
2050,24
2080,24
2276,24
2341,24
2418,24
2437,24
2524,24
2778,24
2795,24
2922,24
2928,24
2953,24
3031,24
3169,24
3201,24
3206,24
3284,24
3385,24
3444,24
3488,24
3577,24
3764,24
161,23
425,23
439,23
449,23
528,23
586,23
608,23
657,23
958,23
1058,23
1104,23
1144,23
1181,23
1220,23
1233,23
1244,23
1254,23
1300,23
1389,23
1401,23
1425,23
1479,23
1496,23
1513,23
1635,23
1748,23
1939,23
1988,23
2021,23
2025,23
2030,23
2077,23
2102,23
2117,23
2145,23
2147,23
2187,23
2370,23
2382,23
2494,23
2558,23
2593,23
2621,23
2638,23
2682,23
2757,23
3293,23
3297,23
3333,23
3335,23
3338,23
3364,23
3462,23
3556,23
3617,23
3691,23
3738,23
25,22
202,22
211,22
226,22
310,22
317,22
505,22
539,22
719,22
720,22
773,22
916,22
1030,22
1041,22
1047,22
1179,22
1201,22
1236,22
1359,22
1527,22
1637,22
1664,22
1672,22
1704,22
1714,22
1731,22
1771,22
1903,22
2257,22
2263,22
2296,22
2404,22
2543,22
2613,22
2712,22
2935,22
3056,22
3058,22
3068,22
3144,22
3213,22
3510,22
3579,22
3635,22
46,21
63,21
451,21
692,21
695,21
787,21
818,21
846,21
1089,21
1157,21
1178,21
1183,21
1310,21
1346,21
1403,21
1531,21
1598,21
1607,21
1628,21
1638,21
1730,21
1741,21
1864,21
2011,21
2068,21
2150,21
2244,21
2281,21
2464,21
2469,21
2488,21
2547,21
2650,21
2674,21
2848,21
2994,21
3016,21
3090,21
3143,21
3253,21
3486,21
3537,21
3692,21
3765,21
3858,21
3868,21
6,20
27,20
53,20
256,20
295,20
342,20
445,20
508,20
509,20
587,20
638,20
639,20
801,20
851,20
868,20
978,20
1066,20
1125,20
1216,20
1404,20
1506,20
1705,20
1724,20
1756,20
1796,20
1894,20
1974,20
2046,20
2165,20
2210,20
2302,20
2374,20
2439,20
2562,20
2580,20
2653,20
2697,20
2799,20
2894,20
2990,20
3084,20
3130,20
3131,20
3252,20
3275,20
3453,20
3530,20
3639,20
3654,20
3794,20
3855,20
3881,20
