Location,Revenue,Location_Rank
Montana,5784,1
Illinois,5617,2
California,5605,3
Idaho,5587,4
Nevada,5514,5
Alabama,5261,6
"New York",5257,7
"North Dakota",5220,8
"West Virginia",5174,9
Nebraska,5172,10
"New Mexico",5014,11
Minnesota,4977,12
Pennsylvania,4926,13
Mississippi,4883,14
Alaska,4867,15
Vermont,4860,16
Louisiana,4848,17
Virginia,4842,18
Arkansas,4828,19
Maryland,4795,20
Tennessee,4772,21
Delaware,4758,22
"North Carolina",4742,23
Texas,4712,24
Missouri,4691,25
Indiana,4655,26
Ohio,4649,27
Georgia,4645,28
Washington,4623,29
Michigan,4533,30
Utah,4443,31
"South Carolina",4439,32
Kentucky,4402,33
Maine,4388,34
Massachusetts,4384,35
Oklahoma,4376,36
Arizona,4326,37
Wyoming,4309,38
Oregon,4243,39
"South Dakota",4236,40
Connecticut,4226,41
Colorado,4222,42
"New Hampshire",4219,43
Iowa,4201,44
Wisconsin,4196,45
"Rhode Island",3871,46
"New Jersey",3802,47
Florida,3798,48
Hawaii,3752,49
Kansas,3437,50
