Order_ID,"Customer ID","Purchase Amount (USD)",Previous_Order
3,1,53,NULL
8,2,64,NULL
13,3,73,NULL
17,4,90,NULL
24,5,49,NULL
32,6,20,NULL
38,7,85,NULL
40,8,34,NULL
42,9,97,NULL
43,10,31,NULL
51,11,34,NULL
52,12,68,NULL
53,13,72,NULL
55,14,51,NULL
64,15,53,NULL
66,16,81,NULL
85,17,36,NULL
87,18,38,NULL
88,19,48,NULL
90,20,90,NULL
96,21,51,NULL
98,22,62,NULL
103,23,37,NULL
107,24,88,NULL
112,25,22,NULL
115,26,25,NULL
118,27,20,NULL
122,28,56,NULL
124,29,94,NULL
133,30,48,NULL
135,31,31,NULL
136,32,79,NULL
138,33,67,NULL
144,34,38,NULL
148,35,91,NULL
152,36,33,NULL
156,37,69,NULL
160,38,45,NULL
163,39,37,NULL
166,40,60,NULL
168,41,76,NULL
172,42,39,NULL
174,43,100,NULL
194,44,69,NULL
197,45,53,NULL
204,46,21,NULL
207,47,43,NULL
209,48,54,NULL
212,49,55,NULL
216,50,30,NULL
217,51,28,NULL
220,52,59,NULL
222,53,20,NULL
226,54,24,NULL
230,55,94,NULL
231,56,28,NULL
238,57,73,NULL
242,58,64,NULL
245,59,54,NULL
250,60,79,NULL
252,61,37,NULL
255,62,68,NULL
257,63,21,NULL
258,64,79,NULL
269,65,83,NULL
274,66,36,NULL
276,67,94,NULL
282,68,33,NULL
285,69,46,NULL
288,70,70,NULL
292,71,29,NULL
295,72,48,NULL
298,73,26,NULL
302,74,85,NULL
310,75,58,NULL
313,76,85,NULL
316,77,43,NULL
319,78,53,NULL
325,79,91,NULL
331,80,96,NULL
334,81,72,NULL
338,82,96,NULL
343,83,28,NULL
346,84,40,NULL
350,85,32,NULL
360,86,95,NULL
363,87,41,NULL
365,88,53,NULL
367,89,47,NULL
370,90,83,NULL
371,91,48,NULL
373,92,99,NULL
376,93,87,NULL
378,94,62,NULL
382,95,76,NULL
409,96,100,NULL
426,97,73,NULL
427,98,92,NULL
429,99,67,NULL
431,100,40,NULL
432,101,98,NULL
433,102,85,NULL
435,103,67,NULL
437,104,89,NULL
439,105,24,NULL
441,106,96,NULL
442,107,35,NULL
445,108,67,NULL
449,109,79,NULL
452,110,85,NULL
454,111,26,NULL
502,112,75,NULL
505,113,65,NULL
507,114,54,NULL
508,115,95,NULL
513,116,94,NULL
514,117,86,NULL
517,118,32,NULL
520,119,45,NULL
524,120,76,NULL
527,121,84,NULL
531,122,72,NULL
538,123,40,NULL
544,124,89,NULL
547,125,86,NULL
552,126,54,NULL
555,127,36,NULL
560,128,89,NULL
564,129,32,NULL
5,130,67,NULL
11,131,39,NULL
21,132,29,NULL
22,133,58,NULL
31,134,65,NULL
39,135,94,NULL
41,136,81,NULL
46,137,86,NULL
49,138,43,NULL
50,139,29,NULL
58,140,95,NULL
61,141,28,NULL
63,142,46,NULL
65,143,58,NULL
70,144,48,NULL
74,145,43,NULL
123,146,95,NULL
127,147,30,NULL
129,148,64,NULL
130,149,90,NULL
142,150,76,NULL
143,151,96,NULL
145,152,47,NULL
149,153,85,NULL
154,154,55,NULL
157,155,98,NULL
158,156,77,NULL
161,157,26,NULL
164,158,68,NULL
175,159,73,NULL
178,160,27,NULL
180,161,23,NULL
182,162,49,NULL
187,163,74,NULL
193,164,67,NULL
195,165,65,NULL
198,166,60,NULL
199,167,31,NULL
200,168,27,NULL
202,169,80,NULL
205,170,30,NULL
213,171,25,NULL
215,172,35,NULL
225,173,67,NULL
228,174,46,NULL
232,175,35,NULL
234,176,86,NULL
236,177,81,NULL
239,178,42,NULL
243,179,43,NULL
247,180,31,NULL
249,181,81,NULL
251,182,61,NULL
253,183,96,NULL
254,184,29,NULL
256,185,33,NULL
259,186,32,NULL
260,187,56,NULL
261,188,94,NULL
263,189,53,NULL
265,190,82,NULL
267,191,70,NULL
270,192,76,NULL
272,193,29,NULL
278,194,100,NULL
281,195,94,NULL
289,196,25,NULL
294,197,88,NULL
297,198,78,NULL
299,199,45,NULL
301,200,73,NULL
304,201,61,NULL
306,202,22,NULL
309,203,38,NULL
314,204,38,NULL
315,205,100,NULL
317,206,64,NULL
320,207,55,NULL
323,208,91,NULL
327,209,38,NULL
329,210,97,NULL
332,211,22,NULL
339,212,92,NULL
340,213,84,NULL
341,214,93,NULL
342,215,50,NULL
344,216,64,NULL
345,217,61,NULL
347,218,48,NULL
353,219,45,NULL
355,220,88,NULL
357,221,57,NULL
359,222,68,NULL
361,223,94,NULL
369,224,41,NULL
375,225,83,NULL
379,226,22,NULL
381,227,74,NULL
383,228,90,NULL
392,229,79,NULL
395,230,28,NULL
398,231,88,NULL
407,232,26,NULL
410,233,27,NULL
413,234,83,NULL
414,235,39,NULL
415,236,89,NULL
419,237,68,NULL
420,238,90,NULL
421,239,34,NULL
423,240,51,NULL
444,241,45,NULL
446,242,88,NULL
448,243,85,NULL
450,244,100,NULL
455,245,42,NULL
457,246,53,NULL
460,247,86,NULL
462,248,66,NULL
465,249,100,NULL
468,250,47,NULL
470,251,25,NULL
474,252,51,NULL
478,253,41,NULL
480,254,73,NULL
481,255,42,NULL
483,256,20,NULL
484,257,30,NULL
486,258,53,NULL
488,259,74,NULL
490,260,57,NULL
492,261,57,NULL
495,262,77,NULL
498,263,40,NULL
499,264,46,NULL
500,265,78,NULL
501,266,59,NULL
503,267,75,NULL
504,268,54,NULL
506,269,42,NULL
509,270,44,NULL
511,271,52,NULL
523,272,69,NULL
526,273,26,NULL
533,274,33,NULL
535,275,32,NULL
537,276,85,NULL
541,277,30,NULL
546,278,29,NULL
549,279,95,NULL
551,280,69,NULL
554,281,69,NULL
556,282,61,NULL
559,283,94,NULL
563,284,30,NULL
569,285,45,NULL
574,286,39,NULL
575,287,51,NULL
576,288,37,NULL
577,289,62,NULL
579,290,85,NULL
580,291,33,NULL
583,292,26,NULL
585,293,99,NULL
588,294,39,NULL
594,295,20,NULL
598,296,42,NULL
600,297,74,NULL
603,298,26,NULL
607,299,53,NULL
610,300,80,NULL
612,301,98,NULL
614,302,95,NULL
619,303,44,NULL
622,304,60,NULL
625,305,84,NULL
627,306,59,NULL
692,307,49,NULL
695,308,32,NULL
699,309,29,NULL
702,310,22,NULL
711,311,85,NULL
715,312,52,NULL
718,313,89,NULL
735,314,77,NULL
737,315,24,NULL
739,316,24,NULL
742,317,22,NULL
749,318,82,NULL
756,319,67,NULL
758,320,74,NULL
761,321,72,NULL
763,322,36,NULL
765,323,95,NULL
768,324,78,NULL
770,325,82,NULL
773,326,70,NULL
776,327,41,NULL
784,328,42,NULL
831,329,50,NULL
835,330,31,NULL
839,331,51,NULL
841,332,98,NULL
844,333,86,NULL
847,334,64,NULL
848,335,46,NULL
854,336,85,NULL
856,337,81,NULL
858,338,59,NULL
873,339,79,NULL
878,340,33,NULL
881,341,47,NULL
890,342,20,NULL
892,343,36,NULL
895,344,39,NULL
897,345,71,NULL
898,346,59,NULL
900,347,50,NULL
901,348,41,NULL
903,349,59,NULL
904,350,87,NULL
915,351,68,NULL
920,352,90,NULL
922,353,71,NULL
925,354,64,NULL
927,355,76,NULL
931,356,42,NULL
934,357,80,NULL
937,358,56,NULL
941,359,25,NULL
944,360,74,NULL
953,361,30,NULL
960,362,96,NULL
962,363,64,NULL
966,364,88,NULL
969,365,88,NULL
972,366,88,NULL
976,367,36,NULL
979,368,40,NULL
982,369,39,NULL
986,370,40,NULL
989,371,34,NULL
990,372,83,NULL
999,373,85,NULL
1002,374,27,NULL
1004,375,78,NULL
1005,376,32,NULL
1010,377,51,NULL
1013,378,32,NULL
1017,379,62,NULL
1019,380,29,NULL
1023,381,69,NULL
1025,382,25,NULL
1027,383,76,NULL
1031,384,77,NULL
1038,385,33,NULL
1039,386,93,NULL
1043,387,39,NULL
1,388,93,NULL
4,389,82,NULL
7,390,42,NULL
9,391,71,NULL
10,392,86,NULL
12,393,82,NULL
15,394,65,NULL
18,395,29,NULL
19,396,65,NULL
20,397,88,NULL
26,398,46,NULL
27,399,67,NULL
28,400,35,NULL
29,401,66,NULL
34,402,91,NULL
37,403,78,NULL
57,404,45,NULL
59,405,93,NULL
60,406,74,NULL
62,407,55,NULL
67,408,76,NULL
68,409,66,NULL
69,410,51,NULL
71,411,26,NULL
72,412,29,NULL
73,413,74,NULL
75,414,99,NULL
76,415,88,NULL
77,416,31,NULL
95,417,55,NULL
97,418,81,NULL
99,419,73,NULL
100,420,91,NULL
106,421,54,NULL
108,422,40,NULL
109,423,59,NULL
111,424,26,NULL
114,425,23,NULL
116,426,87,NULL
119,427,71,NULL
120,428,91,NULL
125,429,64,NULL
126,430,94,NULL
139,431,40,NULL
141,432,76,NULL
146,433,86,NULL
147,434,92,NULL
150,435,52,NULL
151,436,28,NULL
159,437,46,NULL
162,438,50,NULL
165,439,23,NULL
167,440,50,NULL
169,441,89,NULL
170,442,81,NULL
171,443,69,NULL
176,444,67,NULL
181,445,20,NULL
184,446,29,NULL
185,447,74,NULL
186,448,82,NULL
188,449,23,NULL
190,450,45,NULL
192,451,21,NULL
208,452,31,NULL
211,453,45,NULL
214,454,56,NULL
218,455,97,NULL
219,456,100,NULL
221,457,96,NULL
223,458,99,NULL
224,459,91,NULL
227,460,30,NULL
229,461,65,NULL
233,462,93,NULL
235,463,81,NULL
237,464,81,NULL
240,465,52,NULL
241,466,88,NULL
244,467,24,NULL
246,468,51,NULL
248,469,38,NULL
262,470,46,NULL
264,471,63,NULL
266,472,72,NULL
268,473,39,NULL
271,474,42,NULL
273,475,76,NULL
275,476,66,NULL
277,477,90,NULL
280,478,56,NULL
283,479,43,NULL
284,480,84,NULL
287,481,88,NULL
290,482,88,NULL
305,483,42,NULL
308,484,73,NULL
311,485,73,NULL
312,486,44,NULL
318,487,63,NULL
321,488,68,NULL
324,489,29,NULL
328,490,85,NULL
330,491,42,NULL
333,492,69,NULL
335,493,62,NULL
337,494,48,NULL
348,495,68,NULL
351,496,36,NULL
352,497,63,NULL
354,498,39,NULL
384,499,78,NULL
385,500,99,NULL
387,501,31,NULL
388,502,45,NULL
394,503,30,NULL
397,504,24,NULL
399,505,22,NULL
401,506,63,NULL
403,507,40,NULL
404,508,20,NULL
406,509,20,NULL
412,510,80,NULL
416,511,87,NULL
417,512,46,NULL
458,513,49,NULL
461,514,65,NULL
464,515,62,NULL
466,516,67,NULL
469,517,41,NULL
471,518,49,NULL
472,519,100,NULL
477,520,54,NULL
482,521,84,NULL
485,522,41,NULL
487,523,88,NULL
489,524,40,NULL
491,525,39,NULL
493,526,37,NULL
494,527,52,NULL
496,528,23,NULL
497,529,88,NULL
510,530,84,NULL
512,531,37,NULL
515,532,51,NULL
516,533,76,NULL
518,534,60,NULL
521,535,72,NULL
528,536,45,NULL
530,537,84,NULL
532,538,49,NULL
534,539,22,NULL
536,540,48,NULL
540,541,37,NULL
542,542,27,NULL
550,543,79,NULL
558,544,98,NULL
561,545,64,NULL
565,546,32,NULL
566,547,74,NULL
567,548,50,NULL
570,549,64,NULL
571,550,29,NULL
572,551,62,NULL
573,552,78,NULL
578,553,94,NULL
582,554,59,NULL
584,555,47,NULL
587,556,57,NULL
590,557,90,NULL
591,558,60,NULL
593,559,77,NULL
595,560,41,NULL
599,561,48,NULL
602,562,65,NULL
605,563,62,NULL
609,564,99,NULL
615,565,58,NULL
617,566,43,NULL
621,567,93,NULL
623,568,50,NULL
630,569,88,NULL
632,570,33,NULL
635,571,99,NULL
637,572,76,NULL
639,573,97,NULL
642,574,68,NULL
644,575,79,NULL
647,576,86,NULL
649,577,68,NULL
650,578,52,NULL
652,579,90,NULL
654,580,41,NULL
655,581,80,NULL
656,582,100,NULL
657,583,77,NULL
658,584,78,NULL
659,585,94,NULL
662,586,23,NULL
694,587,20,NULL
698,588,86,NULL
701,589,60,NULL
704,590,70,NULL
707,591,39,NULL
709,592,37,NULL
712,593,29,NULL
720,594,35,NULL
722,595,83,NULL
725,596,77,NULL
727,597,37,NULL
731,598,69,NULL
732,599,66,NULL
741,600,26,NULL
745,601,63,NULL
752,602,38,NULL
754,603,58,NULL
757,604,46,NULL
760,605,92,NULL
762,606,32,NULL
764,607,90,NULL
767,608,23,NULL
777,609,25,NULL
783,610,54,NULL
787,611,72,NULL
790,612,33,NULL
792,613,43,NULL
794,614,51,NULL
797,615,85,NULL
804,616,100,NULL
805,617,72,NULL
806,618,57,NULL
812,619,94,NULL
816,620,34,NULL
818,621,89,NULL
819,622,27,NULL
821,623,63,NULL
824,624,70,NULL
825,625,87,NULL
828,626,79,NULL
834,627,79,NULL
837,628,44,NULL
840,629,85,NULL
843,630,90,NULL
849,631,94,NULL
850,632,68,NULL
852,633,51,NULL
855,634,33,NULL
862,635,60,NULL
864,636,59,NULL
867,637,30,NULL
868,638,20,NULL
871,639,20,NULL
872,640,24,NULL
875,641,88,NULL
880,642,78,NULL
884,643,25,NULL
887,644,57,NULL
889,645,93,NULL
2,646,42,NULL
6,647,54,NULL
14,648,70,NULL
16,649,31,NULL
23,650,93,NULL
25,651,40,NULL
30,652,32,NULL
33,653,27,NULL
35,654,68,NULL
36,655,59,NULL
44,656,36,NULL
45,657,23,NULL
47,658,80,NULL
48,659,37,NULL
54,660,52,NULL
56,661,79,NULL
78,662,68,NULL
79,663,98,NULL
80,664,83,NULL
81,665,83,NULL
82,666,55,NULL
83,667,26,NULL
84,668,76,NULL
86,669,85,NULL
89,670,89,NULL
91,671,41,NULL
92,672,30,NULL
93,673,53,NULL
94,674,66,NULL
101,675,33,NULL
102,676,86,NULL
104,677,60,NULL
105,678,62,NULL
110,679,74,NULL
113,680,95,NULL
117,681,25,NULL
121,682,59,NULL
128,683,29,NULL
131,684,36,NULL
132,685,82,NULL
134,686,71,NULL
137,687,35,NULL
140,688,38,NULL
153,689,59,NULL
155,690,91,NULL
173,691,68,NULL
177,692,21,NULL
179,693,95,NULL
183,694,52,NULL
189,695,21,NULL
191,696,67,NULL
196,697,42,NULL
201,698,63,NULL
203,699,41,NULL
206,700,46,NULL
210,701,79,NULL
279,702,90,NULL
286,703,71,NULL
291,704,87,NULL
293,705,66,NULL
296,706,90,NULL
300,707,47,NULL
303,708,38,NULL
307,709,50,NULL
322,710,79,NULL
326,711,91,NULL
336,712,60,NULL
349,713,81,NULL
356,714,90,NULL
358,715,70,NULL
362,716,63,NULL
364,717,29,NULL
366,718,90,NULL
368,719,22,NULL
372,720,22,NULL
374,721,62,NULL
377,722,57,NULL
380,723,32,NULL
386,724,53,NULL
389,725,79,NULL
390,726,61,NULL
391,727,78,NULL
393,728,97,NULL
396,729,78,NULL
400,730,56,NULL
402,731,25,NULL
405,732,28,NULL
408,733,57,NULL
411,734,36,NULL
418,735,69,NULL
422,736,48,NULL
424,737,58,NULL
425,738,24,NULL
428,739,31,NULL
430,740,29,NULL
434,741,69,NULL
436,742,79,NULL
438,743,39,NULL
440,744,84,NULL
443,745,66,NULL
447,746,92,NULL
451,747,45,NULL
453,748,74,NULL
456,749,39,NULL
459,750,71,NULL
463,751,95,NULL
467,752,72,NULL
473,753,85,NULL
475,754,54,NULL
476,755,41,NULL
479,756,24,NULL
519,757,99,NULL
522,758,32,NULL
525,759,71,NULL
529,760,49,NULL
539,761,50,NULL
543,762,91,NULL
545,763,46,NULL
548,764,50,NULL
553,765,39,NULL
557,766,99,NULL
562,767,48,NULL
568,768,77,NULL
581,769,95,NULL
586,770,100,NULL
589,771,54,NULL
592,772,68,NULL
596,773,22,NULL
597,774,84,NULL
601,775,46,NULL
606,776,53,NULL
611,777,60,NULL
618,778,32,NULL
629,779,50,NULL
633,780,94,NULL
636,781,26,NULL
641,782,44,NULL
645,783,57,NULL
646,784,65,NULL
648,785,72,NULL
651,786,62,NULL
653,787,21,NULL
663,788,85,NULL
664,789,51,NULL
665,790,84,NULL
667,791,37,NULL
669,792,44,NULL
671,793,45,NULL
676,794,35,NULL
679,795,50,NULL
681,796,26,NULL
683,797,78,NULL
685,798,82,NULL
687,799,39,NULL
689,800,55,NULL
697,801,20,NULL
705,802,29,NULL
710,803,41,NULL
714,804,38,NULL
719,805,47,NULL
724,806,30,NULL
728,807,56,NULL
743,808,89,NULL
747,809,96,NULL
751,810,81,NULL
759,811,83,NULL
766,812,35,NULL
771,813,56,NULL
775,814,45,NULL
779,815,62,NULL
781,816,84,NULL
785,817,24,NULL
789,818,21,NULL
795,819,91,NULL
799,820,36,NULL
801,821,39,NULL
803,822,39,NULL
808,823,59,NULL
811,824,27,NULL
814,825,94,NULL
817,826,94,NULL
822,827,94,NULL
827,828,51,NULL
830,829,62,NULL
833,830,57,NULL
838,831,76,NULL
842,832,63,NULL
846,833,80,NULL
851,834,68,NULL
857,835,89,NULL
860,836,26,NULL
863,837,90,NULL
866,838,28,NULL
870,839,29,NULL
877,840,31,NULL
882,841,24,NULL
883,842,88,NULL
885,843,87,NULL
891,844,80,NULL
930,845,48,NULL
935,846,21,NULL
940,847,72,NULL
943,848,44,NULL
948,849,73,NULL
951,850,61,NULL
956,851,20,NULL
963,852,86,NULL
967,853,60,NULL
973,854,43,NULL
977,855,44,NULL
983,856,76,NULL
987,857,33,NULL
994,858,60,NULL
997,859,26,NULL
1006,860,73,NULL
1009,861,87,NULL
1012,862,100,NULL
1015,863,84,NULL
1018,864,41,NULL
1022,865,59,NULL
1035,866,26,NULL
1044,867,69,NULL
1049,868,20,NULL
1051,869,83,NULL
1054,870,54,NULL
1057,871,66,NULL
1059,872,42,NULL
1060,873,33,NULL
1062,874,77,NULL
1064,875,65,NULL
1066,876,39,NULL
1069,877,51,NULL
1074,878,65,NULL
1077,879,89,NULL
1079,880,76,NULL
1082,881,75,NULL
1084,882,61,NULL
1086,883,35,NULL
1089,884,37,NULL
1095,885,91,NULL
1099,886,99,NULL
1102,887,54,NULL
1105,888,47,NULL
1117,889,77,NULL
1121,890,84,NULL
1124,891,51,NULL
1133,892,26,NULL
1150,893,64,NULL
1153,894,51,NULL
1157,895,60,NULL
1160,896,69,NULL
1164,897,29,NULL
1167,898,91,NULL
1171,899,70,NULL
1177,900,58,NULL
1183,901,98,NULL
1186,902,68,NULL
1189,903,44,NULL
604,904,45,NULL
608,905,99,NULL
613,906,68,NULL
616,907,56,NULL
620,908,43,NULL
624,909,99,NULL
626,910,56,NULL
628,911,25,NULL
631,912,74,NULL
634,913,56,NULL
638,914,47,NULL
640,915,67,NULL
643,916,22,NULL
660,917,34,NULL
661,918,64,NULL
666,919,42,NULL
668,920,82,NULL
670,921,81,NULL
672,922,24,NULL
673,923,60,NULL
674,924,24,NULL
675,925,78,NULL
677,926,88,NULL
678,927,63,NULL
680,928,78,NULL
682,929,37,NULL
684,930,94,NULL
686,931,78,NULL
688,932,36,NULL
690,933,24,NULL
691,934,84,NULL
693,935,47,NULL
696,936,51,NULL
700,937,84,NULL
703,938,24,NULL
706,939,97,NULL
708,940,89,NULL
713,941,44,NULL
716,942,35,NULL
717,943,91,NULL
721,944,63,NULL
723,945,97,NULL
726,946,38,NULL
729,947,24,NULL
730,948,32,NULL
733,949,90,NULL
734,950,36,NULL
736,951,37,NULL
738,952,51,NULL
740,953,71,NULL
744,954,50,NULL
746,955,74,NULL
748,956,75,NULL
750,957,99,NULL
753,958,23,NULL
755,959,53,NULL
769,960,99,NULL
772,961,48,NULL
774,962,72,NULL
778,963,64,NULL
780,964,63,NULL
782,965,51,NULL
786,966,55,NULL
788,967,55,NULL
791,968,26,NULL
793,969,67,NULL
796,970,31,NULL
798,971,66,NULL
800,972,67,NULL
802,973,61,NULL
807,974,75,NULL
809,975,90,NULL
810,976,40,NULL
813,977,90,NULL
815,978,20,NULL
820,979,40,NULL
823,980,33,NULL
826,981,98,NULL
829,982,42,NULL
832,983,62,NULL
836,984,45,NULL
845,985,78,NULL
853,986,80,NULL
859,987,96,NULL
861,988,47,NULL
865,989,84,NULL
869,990,31,NULL
874,991,63,NULL
876,992,97,NULL
879,993,99,NULL
886,994,90,NULL
888,995,68,NULL
893,996,80,NULL
894,997,91,NULL
896,998,30,NULL
899,999,90,NULL
902,1000,28,NULL
905,1001,46,NULL
906,1002,60,NULL
910,1003,59,NULL
913,1004,68,NULL
916,1005,79,NULL
918,1006,94,NULL
924,1007,83,NULL
929,1008,62,NULL
933,1009,85,NULL
939,1010,30,NULL
946,1011,24,NULL
950,1012,25,NULL
954,1013,37,NULL
958,1014,69,NULL
964,1015,97,NULL
970,1016,24,NULL
974,1017,30,NULL
984,1018,53,NULL
992,1019,70,NULL
995,1020,76,NULL
1000,1021,95,NULL
1014,1022,51,NULL
1016,1023,41,NULL
1021,1024,71,NULL
1033,1025,66,NULL
1036,1026,84,NULL
1041,1027,95,NULL
1046,1028,90,NULL
1053,1029,36,NULL
1056,1030,22,NULL
1058,1031,89,NULL
1061,1032,50,NULL
1063,1033,36,NULL
1065,1034,52,NULL
1067,1035,29,NULL
1070,1036,89,NULL
1072,1037,47,NULL
1076,1038,25,NULL
1080,1039,74,NULL
1088,1040,46,NULL
1091,1041,22,NULL
1093,1042,25,NULL
1098,1043,80,NULL
1106,1044,76,NULL
1111,1045,30,NULL
1115,1046,79,NULL
1120,1047,22,NULL
1125,1048,36,NULL
1128,1049,77,NULL
1131,1050,33,NULL
1137,1051,64,NULL
1197,1052,53,NULL
1255,1053,36,NULL
1260,1054,70,NULL
1263,1055,96,NULL
1277,1056,27,NULL
1280,1057,64,NULL
1284,1058,23,NULL
1287,1059,33,NULL
1296,1060,34,NULL
1301,1061,35,NULL
1311,1062,62,NULL
1315,1063,75,NULL
1319,1064,29,NULL
1322,1065,28,NULL
1325,1066,20,NULL
1328,1067,96,NULL
1331,1068,43,NULL
1340,1069,94,NULL
1345,1070,81,NULL
1348,1071,75,NULL
1352,1072,81,NULL
1361,1073,92,NULL
1365,1074,96,NULL
1368,1075,71,NULL
1381,1076,50,NULL
1389,1077,72,NULL
1393,1078,28,NULL
1398,1079,59,NULL
1401,1080,33,NULL
1405,1081,59,NULL
1408,1082,30,NULL
1410,1083,85,NULL
1419,1084,97,NULL
1424,1085,36,NULL
1428,1086,85,NULL
1430,1087,62,NULL
1433,1088,71,NULL
1435,1089,21,NULL
1437,1090,61,NULL
1441,1091,58,NULL
1496,1092,80,NULL
1503,1093,50,NULL
1507,1094,48,NULL
1512,1095,40,NULL
1515,1096,34,NULL
1521,1097,46,NULL
1525,1098,27,NULL
1529,1099,98,NULL
1533,1100,73,NULL
1538,1101,28,NULL
1548,1102,76,NULL
1552,1103,83,NULL
1559,1104,23,NULL
1575,1105,28,NULL
1582,1106,83,NULL
1586,1107,96,NULL
1589,1108,62,NULL
1593,1109,25,NULL
1597,1110,97,NULL
1599,1111,61,NULL
1601,1112,66,NULL
1603,1113,67,NULL
1610,1114,80,NULL
1613,1115,25,NULL
1622,1116,58,NULL
1626,1117,96,NULL
1627,1118,77,NULL
1628,1119,65,NULL
1629,1120,36,NULL
1631,1121,84,NULL
1633,1122,58,NULL
1635,1123,62,NULL
1638,1124,67,NULL
1640,1125,20,NULL
1643,1126,90,NULL
1646,1127,58,NULL
1651,1128,53,NULL
1653,1129,30,NULL
1657,1130,65,NULL
1660,1131,41,NULL
1665,1132,73,NULL
1671,1133,98,NULL
1674,1134,36,NULL
1684,1135,81,NULL
1689,1136,90,NULL
1692,1137,83,NULL
1696,1138,91,NULL
1706,1139,36,NULL
1709,1140,53,NULL
1715,1141,39,NULL
1718,1142,33,NULL
1724,1143,76,NULL
1728,1144,23,NULL
1729,1145,54,NULL
1732,1146,89,NULL
1736,1147,38,NULL
1740,1148,36,NULL
1743,1149,66,NULL
1788,1150,42,NULL
1796,1151,36,NULL
1798,1152,86,NULL
1801,1153,49,NULL
1802,1154,41,NULL
1804,1155,82,NULL
1806,1156,53,NULL
1809,1157,21,NULL
1811,1158,66,NULL
1829,1159,89,NULL
1832,1160,55,NULL
1844,1161,42,NULL
907,1162,52,NULL
908,1163,92,NULL
909,1164,56,NULL
911,1165,96,NULL
912,1166,64,NULL
914,1167,48,NULL
917,1168,83,NULL
919,1169,91,NULL
921,1170,94,NULL
923,1171,62,NULL
926,1172,55,NULL
928,1173,68,NULL
932,1174,76,NULL
936,1175,31,NULL
938,1176,81,NULL
942,1177,83,NULL
945,1178,21,NULL
947,1179,22,NULL
949,1180,33,NULL
952,1181,23,NULL
955,1182,96,NULL
957,1183,21,NULL
959,1184,39,NULL
961,1185,73,NULL
965,1186,64,NULL
968,1187,68,NULL
971,1188,89,NULL
975,1189,29,NULL
978,1190,97,NULL
980,1191,45,NULL
981,1192,70,NULL
985,1193,56,NULL
988,1194,55,NULL
991,1195,46,NULL
993,1196,95,NULL
996,1197,88,NULL
998,1198,92,NULL
1001,1199,49,NULL
1003,1200,89,NULL
1007,1201,22,NULL
1008,1202,61,NULL
1011,1203,29,NULL
1020,1204,82,NULL
1024,1205,94,NULL
1026,1206,99,NULL
1028,1207,59,NULL
1029,1208,90,NULL
1030,1209,100,NULL
1032,1210,62,NULL
1034,1211,78,NULL
1037,1212,94,NULL
1040,1213,74,NULL
1042,1214,52,NULL
1045,1215,81,NULL
1047,1216,20,NULL
1048,1217,32,NULL
1050,1218,63,NULL
1052,1219,79,NULL
1055,1220,23,NULL
1103,1221,64,NULL
1107,1222,69,NULL
1109,1223,69,NULL
1113,1224,24,NULL
1116,1225,50,NULL
1119,1226,97,NULL
1130,1227,91,NULL
1134,1228,37,NULL
1136,1229,55,NULL
1139,1230,52,NULL
1141,1231,80,NULL
1143,1232,79,NULL
1145,1233,23,NULL
1146,1234,73,NULL
1149,1235,99,NULL
1152,1236,22,NULL
1155,1237,68,NULL
1158,1238,92,NULL
1161,1239,77,NULL
1163,1240,37,NULL
1166,1241,79,NULL
1169,1242,51,NULL
1172,1243,27,NULL
1174,1244,23,NULL
1176,1245,76,NULL
1179,1246,31,NULL
1181,1247,60,NULL
1184,1248,99,NULL
1187,1249,37,NULL
1190,1250,50,NULL
1192,1251,26,NULL
1194,1252,86,NULL
1196,1253,41,NULL
1199,1254,23,NULL
1201,1255,56,NULL
1203,1256,68,NULL
1205,1257,48,NULL
1207,1258,67,NULL
1209,1259,87,NULL
1210,1260,64,NULL
1211,1261,93,NULL
1212,1262,29,NULL
1213,1263,62,NULL
1214,1264,70,NULL
1216,1265,92,NULL
1217,1266,79,NULL
1219,1267,31,NULL
1221,1268,83,NULL
1223,1269,88,NULL
1224,1270,53,NULL
1226,1271,98,NULL
1228,1272,57,NULL
1230,1273,80,NULL
1231,1274,29,NULL
1233,1275,73,NULL
1235,1276,32,NULL
1237,1277,68,NULL
1239,1278,97,NULL
1241,1279,98,NULL
1242,1280,56,NULL
1244,1281,78,NULL
1246,1282,81,NULL
1248,1283,68,NULL
1250,1284,94,NULL
1251,1285,93,NULL
1253,1286,99,NULL
1256,1287,49,NULL
1259,1288,28,NULL
1262,1289,93,NULL
1264,1290,24,NULL
1266,1291,35,NULL
1268,1292,68,NULL
1270,1293,61,NULL
1273,1294,74,NULL
1291,1295,64,NULL
1294,1296,60,NULL
1298,1297,29,NULL
1300,1298,85,NULL
1303,1299,81,NULL
1305,1300,23,NULL
1310,1301,100,NULL
1314,1302,54,NULL
1318,1303,25,NULL
1321,1304,32,NULL
1324,1305,63,NULL
1327,1306,56,NULL
1330,1307,33,NULL
1333,1308,32,NULL
1335,1309,38,NULL
1346,1310,21,NULL
1349,1311,59,NULL
1353,1312,87,NULL
1356,1313,79,NULL
1359,1314,28,NULL
1363,1315,67,NULL
1367,1316,75,NULL
1369,1317,32,NULL
1374,1318,43,NULL
1376,1319,93,NULL
1378,1320,24,NULL
1379,1321,31,NULL
1395,1322,84,NULL
1413,1323,74,NULL
1415,1324,62,NULL
1417,1325,77,NULL
1420,1326,73,NULL
1425,1327,50,NULL
1427,1328,40,NULL
1429,1329,97,NULL
1431,1330,63,NULL
1432,1331,65,NULL
1434,1332,91,NULL
1436,1333,60,NULL
1439,1334,69,NULL
1444,1335,52,NULL
1446,1336,49,NULL
1448,1337,85,NULL
1450,1338,86,NULL
1453,1339,51,NULL
1455,1340,56,NULL
1457,1341,72,NULL
1459,1342,27,NULL
1463,1343,43,NULL
1464,1344,56,NULL
1514,1345,37,NULL
1518,1346,21,NULL
1531,1347,91,NULL
1535,1348,95,NULL
1539,1349,54,NULL
1541,1350,36,NULL
1547,1351,71,NULL
1551,1352,31,NULL
1555,1353,89,NULL
1558,1354,83,NULL
1561,1355,42,NULL
1567,1356,91,NULL
1570,1357,61,NULL
1572,1358,66,NULL
1576,1359,22,NULL
1580,1360,68,NULL
1583,1361,43,NULL
1585,1362,32,NULL
1588,1363,46,NULL
1592,1364,90,NULL
1594,1365,75,NULL
1596,1366,69,NULL
1600,1367,40,NULL
1604,1368,63,NULL
1606,1369,36,NULL
1608,1370,75,NULL
1609,1371,67,NULL
1611,1372,64,NULL
1614,1373,61,NULL
1616,1374,40,NULL
1618,1375,97,NULL
1621,1376,31,NULL
1623,1377,65,NULL
1630,1378,54,NULL
1655,1379,49,NULL
1658,1380,64,NULL
1661,1381,35,NULL
1664,1382,86,NULL
1668,1383,55,NULL
1677,1384,58,NULL
1679,1385,96,NULL
1681,1386,64,NULL
1683,1387,56,NULL
1686,1388,85,NULL
1695,1389,23,NULL
1699,1390,72,NULL
1702,1391,38,NULL
1704,1392,29,NULL
1712,1393,46,NULL
1716,1394,58,NULL
1719,1395,43,NULL
1721,1396,32,NULL
1723,1397,30,NULL
1725,1398,67,NULL
1727,1399,45,NULL
1735,1400,81,NULL
1742,1401,23,NULL
1745,1402,59,NULL
1747,1403,21,NULL
1749,1404,20,NULL
1751,1405,28,NULL
1754,1406,100,NULL
1756,1407,46,NULL
1757,1408,61,NULL
1764,1409,58,NULL
1766,1410,50,NULL
1770,1411,93,NULL
1772,1412,24,NULL
1775,1413,100,NULL
1780,1414,79,NULL
1782,1415,51,NULL
1783,1416,90,NULL
1787,1417,56,NULL
1790,1418,25,NULL
1793,1419,75,NULL
1794,1420,75,NULL
1068,1421,53,NULL
1071,1422,100,NULL
1073,1423,27,NULL
1075,1424,60,NULL
1078,1425,23,NULL
1081,1426,40,NULL
1083,1427,38,NULL
1085,1428,90,NULL
1087,1429,97,NULL
1090,1430,38,NULL
1092,1431,30,NULL
1094,1432,88,NULL
1096,1433,33,NULL
1097,1434,60,NULL
1100,1435,64,NULL
1101,1436,95,NULL
1104,1437,83,NULL
1108,1438,97,NULL
1110,1439,38,NULL
1112,1440,48,NULL
1114,1441,76,NULL
1118,1442,25,NULL
1122,1443,92,NULL
1123,1444,47,NULL
1126,1445,36,NULL
1127,1446,51,NULL
1129,1447,35,NULL
1132,1448,57,NULL
1135,1449,95,NULL
1138,1450,41,NULL
1140,1451,44,NULL
1142,1452,34,NULL
1144,1453,25,NULL
1147,1454,93,NULL
1148,1455,50,NULL
1151,1456,79,NULL
1154,1457,100,NULL
1156,1458,57,NULL
1159,1459,28,NULL
1162,1460,35,NULL
1165,1461,85,NULL
1168,1462,95,NULL
1170,1463,90,NULL
1173,1464,49,NULL
1175,1465,92,NULL
1178,1466,72,NULL
1180,1467,71,NULL
1182,1468,27,NULL
1185,1469,39,NULL
1188,1470,98,NULL
1191,1471,27,NULL
1193,1472,71,NULL
1195,1473,24,NULL
1198,1474,63,NULL
1200,1475,72,NULL
1202,1476,61,NULL
1204,1477,56,NULL
1206,1478,32,NULL
1208,1479,23,NULL
1258,1480,100,NULL
1272,1481,74,NULL
1275,1482,33,NULL
1278,1483,67,NULL
1281,1484,61,NULL
1283,1485,46,NULL
1285,1486,56,NULL
1288,1487,73,NULL
1289,1488,44,NULL
1292,1489,44,NULL
1295,1490,26,NULL
1299,1491,52,NULL
1302,1492,54,NULL
1304,1493,38,NULL
1306,1494,44,NULL
1308,1495,76,NULL
1309,1496,23,NULL
1313,1497,98,NULL
1317,1498,33,NULL
1320,1499,32,NULL
1323,1500,85,NULL
1326,1501,69,NULL
1329,1502,55,NULL
1334,1503,66,NULL
1336,1504,30,NULL
1338,1505,80,NULL
1341,1506,20,NULL
1343,1507,30,NULL
1347,1508,86,NULL
1350,1509,84,NULL
1354,1510,54,NULL
1357,1511,30,NULL
1360,1512,91,NULL
1364,1513,23,NULL
1372,1514,35,NULL
1382,1515,90,NULL
1384,1516,93,NULL
1386,1517,68,NULL
1388,1518,41,NULL
1391,1519,73,NULL
1394,1520,73,NULL
1397,1521,66,NULL
1399,1522,59,NULL
1402,1523,72,NULL
1404,1524,88,NULL
1406,1525,76,NULL
1407,1526,31,NULL
1409,1527,22,NULL
1411,1528,75,NULL
1412,1529,75,NULL
1414,1530,63,NULL
1416,1531,21,NULL
1418,1532,83,NULL
1421,1533,46,NULL
1422,1534,59,NULL
1423,1535,66,NULL
1426,1536,74,NULL
1438,1537,82,NULL
1440,1538,89,NULL
1442,1539,65,NULL
1443,1540,55,NULL
1445,1541,95,NULL
1447,1542,77,NULL
1449,1543,44,NULL
1451,1544,89,NULL
1452,1545,24,NULL
1454,1546,43,NULL
1456,1547,51,NULL
1466,1548,46,NULL
1468,1549,32,NULL
1469,1550,55,NULL
1471,1551,26,NULL
1473,1552,29,NULL
1475,1553,49,NULL
1477,1554,45,NULL
1479,1555,48,NULL
1481,1556,47,NULL
1483,1557,57,NULL
1485,1558,34,NULL
1488,1559,75,NULL
1490,1560,94,NULL
1492,1561,84,NULL
1494,1562,38,NULL
1497,1563,75,NULL
1499,1564,44,NULL
1501,1565,33,NULL
1504,1566,93,NULL
1506,1567,99,NULL
1509,1568,33,NULL
1516,1569,76,NULL
1520,1570,63,NULL
1523,1571,41,NULL
1524,1572,88,NULL
1527,1573,92,NULL
1530,1574,31,NULL
1534,1575,25,NULL
1537,1576,28,NULL
1543,1577,75,NULL
1545,1578,34,NULL
1550,1579,97,NULL
1553,1580,80,NULL
1556,1581,71,NULL
1563,1582,77,NULL
1566,1583,41,NULL
1569,1584,92,NULL
1574,1585,95,NULL
1579,1586,25,NULL
1581,1587,77,NULL
1584,1588,99,NULL
1587,1589,24,NULL
1590,1590,72,NULL
1591,1591,80,NULL
1595,1592,100,NULL
1598,1593,83,NULL
1602,1594,95,NULL
1605,1595,41,NULL
1607,1596,35,NULL
1612,1597,30,NULL
1615,1598,21,NULL
1617,1599,85,NULL
1619,1600,54,NULL
1620,1601,26,NULL
1624,1602,59,NULL
1625,1603,48,NULL
1662,1604,98,NULL
1666,1605,92,NULL
1669,1606,46,NULL
1673,1607,21,NULL
1676,1608,72,NULL
1678,1609,58,NULL
1687,1610,93,NULL
1690,1611,31,NULL
1693,1612,26,NULL
1697,1613,68,NULL
1700,1614,31,NULL
1707,1615,41,NULL
1710,1616,62,NULL
1713,1617,41,NULL
1726,1618,64,NULL
1731,1619,72,NULL
1733,1620,78,NULL
1737,1621,47,NULL
1739,1622,46,NULL
1741,1623,43,NULL
1744,1624,58,NULL
1746,1625,32,NULL
1753,1626,45,NULL
1762,1627,35,NULL
1763,1628,21,NULL
1768,1629,64,NULL
1769,1630,88,NULL
1771,1631,48,NULL
1774,1632,36,NULL
1776,1633,28,NULL
1778,1634,80,NULL
1784,1635,23,NULL
1785,1636,24,NULL
1791,1637,22,NULL
1814,1638,21,NULL
1816,1639,51,NULL
1824,1640,65,NULL
1826,1641,51,NULL
1828,1642,32,NULL
1839,1643,70,NULL
1842,1644,77,NULL
1845,1645,90,NULL
1846,1646,36,NULL
1847,1647,77,NULL
1848,1648,78,NULL
1849,1649,69,NULL
1850,1650,63,NULL
1851,1651,36,NULL
1852,1652,80,NULL
1853,1653,35,NULL
1854,1654,93,NULL
1855,1655,25,NULL
1856,1656,81,NULL
1857,1657,42,NULL
1858,1658,36,NULL
1859,1659,66,NULL
1864,1660,37,NULL
1866,1661,45,NULL
1867,1662,86,NULL
1870,1663,24,NULL
1873,1664,22,NULL
1876,1665,53,NULL
1878,1666,41,NULL
1881,1667,64,NULL
1894,1668,40,NULL
1897,1669,33,NULL
1907,1670,59,NULL
1916,1671,73,NULL
1921,1672,22,NULL
1927,1673,73,NULL
1930,1674,62,NULL
1933,1675,56,NULL
1940,1676,90,NULL
1943,1677,44,NULL
1946,1678,35,NULL
1215,1679,71,NULL
1218,1680,52,NULL
1220,1681,37,NULL
1222,1682,95,NULL
1225,1683,97,NULL
1227,1684,57,NULL
1229,1685,93,NULL
1232,1686,48,NULL
1234,1687,75,NULL
1236,1688,70,NULL
1238,1689,26,NULL
1240,1690,73,NULL
1243,1691,30,NULL
1245,1692,61,NULL
1247,1693,75,NULL
1249,1694,88,NULL
1252,1695,67,NULL
1254,1696,95,NULL
1257,1697,69,NULL
1261,1698,87,NULL
1265,1699,41,NULL
1267,1700,67,NULL
1269,1701,70,NULL
1271,1702,41,NULL
1274,1703,83,NULL
1276,1704,22,NULL
1279,1705,20,NULL
1282,1706,29,NULL
1286,1707,87,NULL
1290,1708,81,NULL
1293,1709,58,NULL
1297,1710,83,NULL
1307,1711,59,NULL
1312,1712,93,NULL
1316,1713,87,NULL
1332,1714,22,NULL
1337,1715,71,NULL
1339,1716,69,NULL
1342,1717,47,NULL
1344,1718,50,NULL
1351,1719,96,NULL
1355,1720,39,NULL
1358,1721,84,NULL
1362,1722,28,NULL
1366,1723,51,NULL
1370,1724,20,NULL
1371,1725,72,NULL
1373,1726,33,NULL
1375,1727,28,NULL
1377,1728,53,NULL
1380,1729,48,NULL
1383,1730,21,NULL
1385,1731,22,NULL
1387,1732,87,NULL
1390,1733,50,NULL
1392,1734,85,NULL
1396,1735,98,NULL
1400,1736,34,NULL
1403,1737,61,NULL
1458,1738,98,NULL
1460,1739,61,NULL
1461,1740,98,NULL
1462,1741,21,NULL
1465,1742,51,NULL
1467,1743,80,NULL
1470,1744,72,NULL
1472,1745,63,NULL
1474,1746,27,NULL
1476,1747,44,NULL
1478,1748,23,NULL
1480,1749,93,NULL
1482,1750,70,NULL
1484,1751,85,NULL
1486,1752,40,NULL
1487,1753,29,NULL
1489,1754,27,NULL
1491,1755,93,NULL
1493,1756,20,NULL
1495,1757,55,NULL
1498,1758,94,NULL
1500,1759,56,NULL
1502,1760,58,NULL
1505,1761,44,NULL
1508,1762,95,NULL
1510,1763,42,NULL
1511,1764,93,NULL
1513,1765,56,NULL
1517,1766,88,NULL
1519,1767,54,NULL
1522,1768,89,NULL
1526,1769,45,NULL
1528,1770,75,NULL
1532,1771,22,NULL
1536,1772,82,NULL
1540,1773,34,NULL
1542,1774,92,NULL
1544,1775,78,NULL
1546,1776,47,NULL
1549,1777,64,NULL
1554,1778,44,NULL
1557,1779,94,NULL
1560,1780,62,NULL
1562,1781,81,NULL
1564,1782,33,NULL
1565,1783,88,NULL
1568,1784,49,NULL
1571,1785,31,NULL
1573,1786,29,NULL
1577,1787,34,NULL
1578,1788,38,NULL
1632,1789,41,NULL
1634,1790,34,NULL
1636,1791,26,NULL
1637,1792,98,NULL
1639,1793,59,NULL
1641,1794,92,NULL
1642,1795,40,NULL
1644,1796,20,NULL
1645,1797,35,NULL
1647,1798,35,NULL
1648,1799,82,NULL
1649,1800,48,NULL
1650,1801,58,NULL
1652,1802,57,NULL
1654,1803,96,NULL
1656,1804,97,NULL
1659,1805,42,NULL
1663,1806,62,NULL
1667,1807,67,NULL
1670,1808,46,NULL
1672,1809,71,NULL
1675,1810,99,NULL
1680,1811,28,NULL
1682,1812,77,NULL
1685,1813,63,NULL
1688,1814,62,NULL
1691,1815,92,NULL
1694,1816,72,NULL
1698,1817,79,NULL
1701,1818,27,NULL
1703,1819,39,NULL
1705,1820,86,NULL
1708,1821,94,NULL
1711,1822,53,NULL
1714,1823,85,NULL
1717,1824,50,NULL
1720,1825,47,NULL
1722,1826,75,NULL
1730,1827,60,NULL
1734,1828,36,NULL
1738,1829,80,NULL
1748,1830,96,NULL
1750,1831,80,NULL
1752,1832,71,NULL
1755,1833,29,NULL
1758,1834,53,NULL
1759,1835,35,NULL
1760,1836,75,NULL
1761,1837,52,NULL
1765,1838,77,NULL
1767,1839,24,NULL
1773,1840,78,NULL
1777,1841,98,NULL
1779,1842,57,NULL
1781,1843,78,NULL
1786,1844,76,NULL
1789,1845,26,NULL
1792,1846,78,NULL
1795,1847,53,NULL
1797,1848,100,NULL
1799,1849,73,NULL
1800,1850,40,NULL
1803,1851,76,NULL
1805,1852,80,NULL
1807,1853,80,NULL
1810,1854,67,NULL
1812,1855,61,NULL
1815,1856,76,NULL
1818,1857,55,NULL
1820,1858,85,NULL
1823,1859,69,NULL
1837,1860,26,NULL
1841,1861,64,NULL
1869,1862,60,NULL
1872,1863,36,NULL
1875,1864,21,NULL
1879,1865,72,NULL
1882,1866,62,NULL
1884,1867,44,NULL
1889,1868,52,NULL
1892,1869,58,NULL
1896,1870,77,NULL
1900,1871,99,NULL
1903,1872,96,NULL
1911,1873,64,NULL
1915,1874,44,NULL
1918,1875,33,NULL
1922,1876,71,NULL
1936,1877,36,NULL
1938,1878,62,NULL
1942,1879,29,NULL
1945,1880,33,NULL
1948,1881,33,NULL
1950,1882,41,NULL
1952,1883,54,NULL
1956,1884,58,NULL
1959,1885,30,NULL
1963,1886,53,NULL
1966,1887,91,NULL
1968,1888,44,NULL
1971,1889,89,NULL
1974,1890,57,NULL
1978,1891,57,NULL
1981,1892,74,NULL
1987,1893,30,NULL
1991,1894,20,NULL
1997,1895,90,NULL
2025,1896,61,NULL
2028,1897,51,NULL
2032,1898,97,NULL
2035,1899,97,NULL
2038,1900,40,NULL
2040,1901,85,NULL
2041,1902,76,NULL
2043,1903,22,NULL
2045,1904,63,NULL
2047,1905,71,NULL
2052,1906,35,NULL
2054,1907,30,NULL
2056,1908,74,NULL
2058,1909,71,NULL
2061,1910,84,NULL
2063,1911,38,NULL
2065,1912,81,NULL
2067,1913,56,NULL
2070,1914,48,NULL
2072,1915,97,NULL
2073,1916,74,NULL
2076,1917,50,NULL
2077,1918,71,NULL
2078,1919,33,NULL
2079,1920,56,NULL
2080,1921,84,NULL
2081,1922,36,NULL
2082,1923,63,NULL
2083,1924,36,NULL
2084,1925,63,NULL
2085,1926,32,NULL
2091,1927,93,NULL
2096,1928,29,NULL
2098,1929,92,NULL
2100,1930,33,NULL
2103,1931,52,NULL
2105,1932,42,NULL
2107,1933,36,NULL
2114,1934,67,NULL
2116,1935,43,NULL
1808,1936,68,NULL
1813,1937,60,NULL
1817,1938,53,NULL
1819,1939,23,NULL
1821,1940,57,NULL
1822,1941,89,NULL
1825,1942,99,NULL
1827,1943,28,NULL
1830,1944,53,NULL
1831,1945,45,NULL
1833,1946,38,NULL
1834,1947,49,NULL
1835,1948,32,NULL
1836,1949,37,NULL
1838,1950,80,NULL
1840,1951,78,NULL
1843,1952,53,NULL
1887,1953,82,NULL
1890,1954,33,NULL
1891,1955,77,NULL
1895,1956,56,NULL
1899,1957,37,NULL
1901,1958,54,NULL
1904,1959,67,NULL
1906,1960,90,NULL
1909,1961,72,NULL
1912,1962,59,NULL
1914,1963,45,NULL
1917,1964,30,NULL
1920,1965,51,NULL
1924,1966,90,NULL
1925,1967,95,NULL
1928,1968,81,NULL
1931,1969,70,NULL
1935,1970,32,NULL
2508,1971,94,NULL
2510,1972,29,NULL
2513,1973,31,NULL
2515,1974,20,NULL
2517,1975,44,NULL
2520,1976,77,NULL
2523,1977,51,NULL
2526,1978,49,NULL
2529,1979,78,NULL
2533,1980,98,NULL
2536,1981,94,NULL
2538,1982,91,NULL
2540,1983,77,NULL
2542,1984,97,NULL
2544,1985,58,NULL
2546,1986,97,NULL
2547,1987,48,NULL
2548,1988,23,NULL
2549,1989,79,NULL
2550,1990,42,NULL
2551,1991,95,NULL
2552,1992,29,NULL
2553,1993,98,NULL
2554,1994,96,NULL
2555,1995,66,NULL
2557,1996,80,NULL
2558,1997,27,NULL
2559,1998,25,NULL
2560,1999,45,NULL
2561,2000,89,NULL
2563,2001,27,NULL
2565,2002,90,NULL
2567,2003,65,NULL
2569,2004,72,NULL
2571,2005,70,NULL
2573,2006,82,NULL
2575,2007,97,NULL
2577,2008,25,NULL
2579,2009,48,NULL
2580,2010,99,NULL
2581,2011,21,NULL
2583,2012,94,NULL
2585,2013,53,NULL
2587,2014,70,NULL
2590,2015,26,NULL
2592,2016,82,NULL
2594,2017,47,NULL
2596,2018,32,NULL
2598,2019,97,NULL
2600,2020,68,NULL
2602,2021,23,NULL
2604,2022,33,NULL
2606,2023,38,NULL
2608,2024,68,NULL
2611,2025,23,NULL
2613,2026,29,NULL
2616,2027,35,NULL
2619,2028,73,NULL
2622,2029,84,NULL
2624,2030,23,NULL
2627,2031,67,NULL
2630,2032,51,NULL
2633,2033,36,NULL
2635,2034,55,NULL
2640,2035,30,NULL
2648,2036,70,NULL
2651,2037,63,NULL
2653,2038,87,NULL
2656,2039,70,NULL
2659,2040,51,NULL
2660,2041,25,NULL
2662,2042,32,NULL
2665,2043,52,NULL
2668,2044,33,NULL
2670,2045,68,NULL
2672,2046,20,NULL
2674,2047,32,NULL
2676,2048,82,NULL
2677,2049,64,NULL
2679,2050,24,NULL
2681,2051,96,NULL
2683,2052,94,NULL
2685,2053,48,NULL
2687,2054,60,NULL
2689,2055,56,NULL
2691,2056,33,NULL
2693,2057,46,NULL
2695,2058,37,NULL
2696,2059,98,NULL
2697,2060,50,NULL
2698,2061,63,NULL
2700,2062,70,NULL
2702,2063,63,NULL
2703,2064,86,NULL
2705,2065,99,NULL
2708,2066,40,NULL
2710,2067,92,NULL
2713,2068,21,NULL
2715,2069,81,NULL
2717,2070,82,NULL
2719,2071,88,NULL
2721,2072,100,NULL
2723,2073,66,NULL
2726,2074,25,NULL
2729,2075,53,NULL
2732,2076,28,NULL
2735,2077,23,NULL
2738,2078,34,NULL
2739,2079,42,NULL
2741,2080,24,NULL
2743,2081,47,NULL
2745,2082,78,NULL
2747,2083,89,NULL
2749,2084,59,NULL
2752,2085,94,NULL
2754,2086,49,NULL
2757,2087,89,NULL
2760,2088,91,NULL
2762,2089,89,NULL
2765,2090,57,NULL
2767,2091,71,NULL
2770,2092,97,NULL
2773,2093,45,NULL
2776,2094,91,NULL
2779,2095,25,NULL
2782,2096,63,NULL
2784,2097,52,NULL
2786,2098,43,NULL
2789,2099,28,NULL
2792,2100,78,NULL
2795,2101,31,NULL
2798,2102,23,NULL
2801,2103,25,NULL
2804,2104,86,NULL
2806,2105,88,NULL
2809,2106,35,NULL
2812,2107,34,NULL
2815,2108,75,NULL
2816,2109,46,NULL
2819,2110,31,NULL
2822,2111,93,NULL
2824,2112,85,NULL
2827,2113,68,NULL
2830,2114,40,NULL
2832,2115,51,NULL
2835,2116,85,NULL
2838,2117,23,NULL
2841,2118,28,NULL
2843,2119,44,NULL
2846,2120,57,NULL
2848,2121,98,NULL
2850,2122,68,NULL
2852,2123,36,NULL
2854,2124,71,NULL
2856,2125,60,NULL
2858,2126,87,NULL
2860,2127,38,NULL
2862,2128,45,NULL
2864,2129,47,NULL
2865,2130,57,NULL
2867,2131,68,NULL
2869,2132,52,NULL
2871,2133,87,NULL
2874,2134,34,NULL
2876,2135,41,NULL
2879,2136,94,NULL
2882,2137,93,NULL
2885,2138,51,NULL
2888,2139,42,NULL
2891,2140,95,NULL
2893,2141,90,NULL
2896,2142,98,NULL
2899,2143,39,NULL
2902,2144,66,NULL
2905,2145,23,NULL
2908,2146,73,NULL
2912,2147,23,NULL
2915,2148,43,NULL
2918,2149,45,NULL
2933,2150,21,NULL
2946,2151,40,NULL
2949,2152,58,NULL
2952,2153,48,NULL
2955,2154,94,NULL
2957,2155,74,NULL
2959,2156,51,NULL
2966,2157,83,NULL
2970,2158,68,NULL
2973,2159,84,NULL
2976,2160,58,NULL
2979,2161,92,NULL
2982,2162,69,NULL
2989,2163,48,NULL
2992,2164,60,NULL
2995,2165,20,NULL
3004,2166,55,NULL
3007,2167,88,NULL
3009,2168,48,NULL
3012,2169,74,NULL
3014,2170,42,NULL
3016,2171,32,NULL
3019,2172,98,NULL
3021,2173,89,NULL
3023,2174,97,NULL
3025,2175,49,NULL
3029,2176,50,NULL
3031,2177,91,NULL
3033,2178,93,NULL
3034,2179,98,NULL
3036,2180,82,NULL
3038,2181,37,NULL
3041,2182,63,NULL
3046,2183,99,NULL
3048,2184,37,NULL
3062,2185,34,NULL
3065,2186,32,NULL
3068,2187,23,NULL
3071,2188,78,NULL
3074,2189,54,NULL
3077,2190,94,NULL
3081,2191,75,NULL
3084,2192,69,NULL
3087,2193,35,NULL
1860,2194,78,NULL
1861,2195,29,NULL
1862,2196,62,NULL
1863,2197,58,NULL
1865,2198,88,NULL
1868,2199,80,NULL
1871,2200,47,NULL
1874,2201,51,NULL
1877,2202,25,NULL
1880,2203,36,NULL
1883,2204,79,NULL
1885,2205,41,NULL
1886,2206,68,NULL
1888,2207,51,NULL
1893,2208,38,NULL
1898,2209,46,NULL
1902,2210,20,NULL
1905,2211,25,NULL
1908,2212,89,NULL
1910,2213,77,NULL
1913,2214,94,NULL
1919,2215,100,NULL
1923,2216,96,NULL
1926,2217,36,NULL
1929,2218,27,NULL
1932,2219,67,NULL
1934,2220,91,NULL
1937,2221,62,NULL
1939,2222,88,NULL
1941,2223,66,NULL
1944,2224,65,NULL
1947,2225,25,NULL
1949,2226,64,NULL
1951,2227,72,NULL
1953,2228,74,NULL
1954,2229,50,NULL
1955,2230,97,NULL
1957,2231,36,NULL
1958,2232,49,NULL
1960,2233,64,NULL
1962,2234,31,NULL
1965,2235,66,NULL
1967,2236,82,NULL
1970,2237,88,NULL
1973,2238,34,NULL
1976,2239,84,NULL
1979,2240,96,NULL
1982,2241,71,NULL
1985,2242,77,NULL
1988,2243,66,NULL
1992,2244,21,NULL
1994,2245,37,NULL
1996,2246,90,NULL
2000,2247,96,NULL
2002,2248,37,NULL
2004,2249,66,NULL
2006,2250,45,NULL
2009,2251,89,NULL
2011,2252,94,NULL
2013,2253,96,NULL
2016,2254,31,NULL
2018,2255,79,NULL
2021,2256,39,NULL
2023,2257,22,NULL
2026,2258,32,NULL
2029,2259,71,NULL
2033,2260,96,NULL
2036,2261,82,NULL
2042,2262,76,NULL
2044,2263,22,NULL
2046,2264,40,NULL
2048,2265,92,NULL
2049,2266,94,NULL
2050,2267,44,NULL
2051,2268,49,NULL
2053,2269,26,NULL
2055,2270,38,NULL
2057,2271,72,NULL
2059,2272,99,NULL
2060,2273,38,NULL
2062,2274,96,NULL
2064,2275,27,NULL
2066,2276,24,NULL
2068,2277,82,NULL
2069,2278,56,NULL
2071,2279,25,NULL
2074,2280,67,NULL
2075,2281,21,NULL
2086,2282,27,NULL
2087,2283,97,NULL
2088,2284,45,NULL
2089,2285,63,NULL
2090,2286,100,NULL
2092,2287,38,NULL
2093,2288,45,NULL
2094,2289,91,NULL
2095,2290,82,NULL
2097,2291,48,NULL
2099,2292,30,NULL
2101,2293,34,NULL
2102,2294,68,NULL
2104,2295,95,NULL
2106,2296,22,NULL
2108,2297,88,NULL
2109,2298,83,NULL
2110,2299,87,NULL
2111,2300,57,NULL
2112,2301,88,NULL
2113,2302,20,NULL
2115,2303,39,NULL
2117,2304,71,NULL
2118,2305,73,NULL
2119,2306,63,NULL
2120,2307,78,NULL
2121,2308,96,NULL
2122,2309,81,NULL
2123,2310,95,NULL
2124,2311,68,NULL
2125,2312,28,NULL
2126,2313,30,NULL
2128,2314,31,NULL
2130,2315,95,NULL
2132,2316,79,NULL
2133,2317,39,NULL
2134,2318,34,NULL
2135,2319,28,NULL
2136,2320,38,NULL
2137,2321,55,NULL
2138,2322,31,NULL
2139,2323,84,NULL
2140,2324,93,NULL
2142,2325,28,NULL
2148,2326,55,NULL
2149,2327,63,NULL
2151,2328,94,NULL
2153,2329,36,NULL
2155,2330,97,NULL
2157,2331,63,NULL
2159,2332,77,NULL
2161,2333,53,NULL
2163,2334,77,NULL
2164,2335,79,NULL
2165,2336,37,NULL
2166,2337,94,NULL
2167,2338,76,NULL
2168,2339,68,NULL
2169,2340,65,NULL
2170,2341,24,NULL
2180,2342,31,NULL
2182,2343,89,NULL
2184,2344,49,NULL
2186,2345,92,NULL
2188,2346,32,NULL
2190,2347,67,NULL
2193,2348,64,NULL
2195,2349,84,NULL
2199,2350,34,NULL
2201,2351,26,NULL
2202,2352,50,NULL
2203,2353,46,NULL
2204,2354,71,NULL
2205,2355,78,NULL
2206,2356,35,NULL
2207,2357,58,NULL
2208,2358,67,NULL
3808,2359,93,NULL
3809,2360,81,NULL
3810,2361,80,NULL
3811,2362,64,NULL
3812,2363,41,NULL
3813,2364,79,NULL
3814,2365,60,NULL
3815,2366,91,NULL
3816,2367,66,NULL
3817,2368,85,NULL
3818,2369,38,NULL
3819,2370,23,NULL
3820,2371,71,NULL
3821,2372,25,NULL
3822,2373,39,NULL
3823,2374,20,NULL
3824,2375,73,NULL
3825,2376,63,NULL
3826,2377,94,NULL
3827,2378,94,NULL
3828,2379,71,NULL
3829,2380,77,NULL
3830,2381,66,NULL
3831,2382,23,NULL
3832,2383,60,NULL
3833,2384,72,NULL
3834,2385,35,NULL
3835,2386,31,NULL
3836,2387,33,NULL
3837,2388,95,NULL
3838,2389,68,NULL
3839,2390,87,NULL
3840,2391,64,NULL
3841,2392,74,NULL
3842,2393,62,NULL
3843,2394,97,NULL
3844,2395,47,NULL
3845,2396,83,NULL
3846,2397,82,NULL
3847,2398,26,NULL
3848,2399,81,NULL
3849,2400,44,NULL
3850,2401,88,NULL
3851,2402,76,NULL
3852,2403,89,NULL
3853,2404,22,NULL
3854,2405,33,NULL
3855,2406,97,NULL
3856,2407,57,NULL
3857,2408,38,NULL
3858,2409,55,NULL
3859,2410,37,NULL
3860,2411,43,NULL
3861,2412,96,NULL
3862,2413,51,NULL
3863,2414,95,NULL
3864,2415,26,NULL
3865,2416,34,NULL
3866,2417,83,NULL
3867,2418,24,NULL
3868,2419,69,NULL
3869,2420,40,NULL
3870,2421,87,NULL
3871,2422,46,NULL
3872,2423,82,NULL
3873,2424,81,NULL
3874,2425,57,NULL
3875,2426,49,NULL
3876,2427,42,NULL
3877,2428,26,NULL
3878,2429,38,NULL
3879,2430,57,NULL
3880,2431,100,NULL
3881,2432,73,NULL
3882,2433,66,NULL
3883,2434,73,NULL
3884,2435,45,NULL
3885,2436,27,NULL
3886,2437,24,NULL
3887,2438,59,NULL
3888,2439,20,NULL
3889,2440,44,NULL
3890,2441,90,NULL
3891,2442,36,NULL
3892,2443,95,NULL
3893,2444,30,NULL
3894,2445,65,NULL
3895,2446,96,NULL
3896,2447,65,NULL
3897,2448,47,NULL
3898,2449,25,NULL
3899,2450,56,NULL
3900,2451,76,NULL
1961,2452,60,NULL
1964,2453,67,NULL
1969,2454,95,NULL
1972,2455,72,NULL
1975,2456,98,NULL
1977,2457,83,NULL
1980,2458,37,NULL
1983,2459,85,NULL
1984,2460,36,NULL
1986,2461,36,NULL
1989,2462,86,NULL
1990,2463,99,NULL
1993,2464,21,NULL
1995,2465,84,NULL
1998,2466,63,NULL
1999,2467,84,NULL
2001,2468,72,NULL
2003,2469,21,NULL
2005,2470,92,NULL
2007,2471,72,NULL
2008,2472,83,NULL
2010,2473,73,NULL
2012,2474,98,NULL
2014,2475,76,NULL
2015,2476,43,NULL
2017,2477,60,NULL
2019,2478,40,NULL
2020,2479,93,NULL
2022,2480,98,NULL
2024,2481,91,NULL
2027,2482,92,NULL
2030,2483,87,NULL
2031,2484,96,NULL
2034,2485,97,NULL
2037,2486,55,NULL
2039,2487,58,NULL
2209,2488,21,NULL
2210,2489,82,NULL
2211,2490,34,NULL
2212,2491,78,NULL
2213,2492,47,NULL
2214,2493,96,NULL
2215,2494,23,NULL
2216,2495,27,NULL
2217,2496,37,NULL
2218,2497,79,NULL
2219,2498,40,NULL
2220,2499,39,NULL
2221,2500,73,NULL
2222,2501,84,NULL
2223,2502,94,NULL
2224,2503,47,NULL
2226,2504,77,NULL
2227,2505,94,NULL
2229,2506,75,NULL
2230,2507,82,NULL
2232,2508,36,NULL
2234,2509,90,NULL
2236,2510,48,NULL
2238,2511,42,NULL
2240,2512,33,NULL
2248,2513,63,NULL
2250,2514,53,NULL
2252,2515,37,NULL
2254,2516,92,NULL
2256,2517,73,NULL
2259,2518,38,NULL
2260,2519,51,NULL
2262,2520,90,NULL
2264,2521,56,NULL
2266,2522,33,NULL
2267,2523,53,NULL
2268,2524,24,NULL
2269,2525,59,NULL
2270,2526,72,NULL
2271,2527,28,NULL
2272,2528,36,NULL
2273,2529,47,NULL
2275,2530,62,NULL
2277,2531,98,NULL
2279,2532,28,NULL
2281,2533,86,NULL
2283,2534,46,NULL
2285,2535,42,NULL
2287,2536,80,NULL
2289,2537,39,NULL
2291,2538,49,NULL
2293,2539,32,NULL
2295,2540,73,NULL
2297,2541,42,NULL
2299,2542,58,NULL
2301,2543,22,NULL
2303,2544,56,NULL
2305,2545,70,NULL
2307,2546,50,NULL
2315,2547,21,NULL
2317,2548,97,NULL
2319,2549,63,NULL
2321,2550,60,NULL
2324,2551,52,NULL
2326,2552,32,NULL
2328,2553,48,NULL
2330,2554,25,NULL
2332,2555,68,NULL
2334,2556,74,NULL
2336,2557,88,NULL
2338,2558,23,NULL
2340,2559,32,NULL
2342,2560,71,NULL
2343,2561,62,NULL
2344,2562,20,NULL
2345,2563,62,NULL
2346,2564,81,NULL
2348,2565,90,NULL
2350,2566,43,NULL
2352,2567,38,NULL
2354,2568,25,NULL
2356,2569,98,NULL
2358,2570,75,NULL
2360,2571,27,NULL
2362,2572,27,NULL
2364,2573,42,NULL
2367,2574,90,NULL
2369,2575,63,NULL
2371,2576,96,NULL
2374,2577,40,NULL
2376,2578,39,NULL
2378,2579,48,NULL
2380,2580,20,NULL
2382,2581,29,NULL
2384,2582,81,NULL
2386,2583,98,NULL
2388,2584,93,NULL
2390,2585,30,NULL
2392,2586,37,NULL
2394,2587,28,NULL
2396,2588,29,NULL
2398,2589,49,NULL
2399,2590,53,NULL
2401,2591,66,NULL
2403,2592,61,NULL
2406,2593,23,NULL
2408,2594,36,NULL
2409,2595,81,NULL
2411,2596,56,NULL
2413,2597,78,NULL
2415,2598,25,NULL
2417,2599,86,NULL
2420,2600,99,NULL
2421,2601,83,NULL
2423,2602,33,NULL
2425,2603,44,NULL
2427,2604,58,NULL
2429,2605,54,NULL
2430,2606,93,NULL
2432,2607,98,NULL
2434,2608,36,NULL
2436,2609,68,NULL
2438,2610,95,NULL
2439,2611,93,NULL
2441,2612,99,NULL
2443,2613,22,NULL
2445,2614,88,NULL
2446,2615,65,NULL
2448,2616,62,NULL
2450,2617,55,NULL
2452,2618,97,NULL
2453,2619,77,NULL
2455,2620,40,NULL
2457,2621,23,NULL
2459,2622,46,NULL
2461,2623,75,NULL
2463,2624,76,NULL
2465,2625,59,NULL
2466,2626,51,NULL
2468,2627,46,NULL
2470,2628,26,NULL
2472,2629,51,NULL
2474,2630,44,NULL
2475,2631,82,NULL
2477,2632,44,NULL
2479,2633,27,NULL
2481,2634,90,NULL
2483,2635,58,NULL
2485,2636,80,NULL
2486,2637,40,NULL
2488,2638,23,NULL
2490,2639,34,NULL
2492,2640,35,NULL
2494,2641,75,NULL
2496,2642,60,NULL
2497,2643,87,NULL
2499,2644,41,NULL
2501,2645,83,NULL
2503,2646,81,NULL
2505,2647,56,NULL
2507,2648,58,NULL
2509,2649,84,NULL
2511,2650,21,NULL
2512,2651,35,NULL
2514,2652,43,NULL
2516,2653,20,NULL
2519,2654,36,NULL
2521,2655,70,NULL
2524,2656,83,NULL
2527,2657,76,NULL
2530,2658,81,NULL
2532,2659,47,NULL
2534,2660,35,NULL
2537,2661,85,NULL
2539,2662,96,NULL
2541,2663,98,NULL
2543,2664,52,NULL
2545,2665,84,NULL
2556,2666,71,NULL
2562,2667,95,NULL
2564,2668,47,NULL
2566,2669,75,NULL
2568,2670,28,NULL
2570,2671,44,NULL
2572,2672,64,NULL
2574,2673,28,NULL
2576,2674,21,NULL
2578,2675,41,NULL
2582,2676,38,NULL
2584,2677,77,NULL
2586,2678,43,NULL
2588,2679,91,NULL
2589,2680,68,NULL
2591,2681,37,NULL
2593,2682,23,NULL
2595,2683,65,NULL
2597,2684,30,NULL
2599,2685,45,NULL
2601,2686,25,NULL
2603,2687,72,NULL
2605,2688,75,NULL
2607,2689,63,NULL
2609,2690,35,NULL
2612,2691,32,NULL
2615,2692,25,NULL
2618,2693,90,NULL
2621,2694,70,NULL
2623,2695,27,NULL
2626,2696,92,NULL
2629,2697,20,NULL
2632,2698,52,NULL
2637,2699,57,NULL
2639,2700,96,NULL
2641,2701,68,NULL
2643,2702,30,NULL
2645,2703,37,NULL
2647,2704,42,NULL
2650,2705,54,NULL
2655,2706,81,NULL
2657,2707,40,NULL
2664,2708,88,NULL
2667,2709,94,NULL
2127,2710,54,NULL
2129,2711,51,NULL
2131,2712,22,NULL
2141,2713,95,NULL
2143,2714,57,NULL
2144,2715,45,NULL
2145,2716,92,NULL
2146,2717,40,NULL
2147,2718,62,NULL
2150,2719,90,NULL
2152,2720,82,NULL
2154,2721,52,NULL
2156,2722,70,NULL
2158,2723,83,NULL
2160,2724,49,NULL
2162,2725,91,NULL
2171,2726,99,NULL
2172,2727,92,NULL
2173,2728,87,NULL
2174,2729,28,NULL
2175,2730,71,NULL
2176,2731,32,NULL
2177,2732,33,NULL
2178,2733,75,NULL
2179,2734,83,NULL
2181,2735,93,NULL
2183,2736,29,NULL
2185,2737,25,NULL
2187,2738,76,NULL
2189,2739,81,NULL
2191,2740,80,NULL
2192,2741,70,NULL
2194,2742,81,NULL
2196,2743,86,NULL
2197,2744,94,NULL
2198,2745,66,NULL
2200,2746,98,NULL
2225,2747,25,NULL
2228,2748,62,NULL
2231,2749,98,NULL
2233,2750,53,NULL
2235,2751,66,NULL
2237,2752,52,NULL
2239,2753,64,NULL
2241,2754,59,NULL
2242,2755,61,NULL
2243,2756,97,NULL
2244,2757,23,NULL
2245,2758,98,NULL
2246,2759,98,NULL
2247,2760,59,NULL
2249,2761,82,NULL
2251,2762,82,NULL
2253,2763,41,NULL
2255,2764,52,NULL
2257,2765,41,NULL
2258,2766,70,NULL
2261,2767,91,NULL
2263,2768,95,NULL
2265,2769,25,NULL
2274,2770,89,NULL
2276,2771,44,NULL
2278,2772,52,NULL
2280,2773,94,NULL
2282,2774,98,NULL
2284,2775,40,NULL
2286,2776,25,NULL
2288,2777,62,NULL
2290,2778,24,NULL
2292,2779,57,NULL
2294,2780,66,NULL
2296,2781,70,NULL
2298,2782,39,NULL
2300,2783,34,NULL
2302,2784,38,NULL
2304,2785,70,NULL
2306,2786,80,NULL
2308,2787,51,NULL
2309,2788,79,NULL
2310,2789,92,NULL
2311,2790,85,NULL
2312,2791,63,NULL
2313,2792,60,NULL
2314,2793,44,NULL
2316,2794,57,NULL
2318,2795,24,NULL
2320,2796,35,NULL
2322,2797,73,NULL
2323,2798,42,NULL
2325,2799,20,NULL
2327,2800,89,NULL
2329,2801,76,NULL
2331,2802,56,NULL
2333,2803,100,NULL
2335,2804,44,NULL
2337,2805,76,NULL
2339,2806,97,NULL
2341,2807,39,NULL
2347,2808,100,NULL
2349,2809,62,NULL
2351,2810,98,NULL
2353,2811,31,NULL
2355,2812,89,NULL
2357,2813,91,NULL
2359,2814,50,NULL
2361,2815,32,NULL
2363,2816,67,NULL
2365,2817,28,NULL
2366,2818,65,NULL
2368,2819,73,NULL
2370,2820,27,NULL
2372,2821,89,NULL
2373,2822,72,NULL
2375,2823,37,NULL
2377,2824,63,NULL
2379,2825,90,NULL
2381,2826,62,NULL
2383,2827,43,NULL
2385,2828,96,NULL
2387,2829,83,NULL
2389,2830,67,NULL
2391,2831,90,NULL
2393,2832,53,NULL
2395,2833,37,NULL
2397,2834,56,NULL
2400,2835,43,NULL
2402,2836,84,NULL
2404,2837,50,NULL
2405,2838,88,NULL
2407,2839,50,NULL
2410,2840,80,NULL
2412,2841,47,NULL
2414,2842,33,NULL
2416,2843,100,NULL
2418,2844,26,NULL
2419,2845,79,NULL
2422,2846,77,NULL
2424,2847,36,NULL
2426,2848,21,NULL
2428,2849,72,NULL
2431,2850,25,NULL
2433,2851,79,NULL
2435,2852,73,NULL
2437,2853,71,NULL
2440,2854,48,NULL
2442,2855,28,NULL
2444,2856,95,NULL
2447,2857,48,NULL
2449,2858,93,NULL
2451,2859,87,NULL
2454,2860,32,NULL
2456,2861,38,NULL
2458,2862,54,NULL
2460,2863,75,NULL
2462,2864,56,NULL
2464,2865,43,NULL
2467,2866,97,NULL
2469,2867,75,NULL
2471,2868,55,NULL
2473,2869,49,NULL
2476,2870,58,NULL
2478,2871,34,NULL
2480,2872,43,NULL
2482,2873,48,NULL
2484,2874,40,NULL
2487,2875,29,NULL
2489,2876,81,NULL
2491,2877,84,NULL
2493,2878,46,NULL
2495,2879,86,NULL
2498,2880,57,NULL
2500,2881,61,NULL
2502,2882,90,NULL
2504,2883,51,NULL
2506,2884,48,NULL
2518,2885,50,NULL
2522,2886,82,NULL
2525,2887,33,NULL
2528,2888,28,NULL
2531,2889,42,NULL
2535,2890,43,NULL
2610,2891,55,NULL
2614,2892,73,NULL
2617,2893,39,NULL
2620,2894,20,NULL
2625,2895,32,NULL
2628,2896,86,NULL
2631,2897,91,NULL
2634,2898,59,NULL
2636,2899,33,NULL
2638,2900,64,NULL
2642,2901,67,NULL
2644,2902,43,NULL
2646,2903,32,NULL
2649,2904,39,NULL
2652,2905,41,NULL
2654,2906,53,NULL
2658,2907,27,NULL
2661,2908,82,NULL
2663,2909,87,NULL
2666,2910,78,NULL
2669,2911,32,NULL
2671,2912,38,NULL
2673,2913,37,NULL
2675,2914,83,NULL
2678,2915,72,NULL
2680,2916,30,NULL
2682,2917,66,NULL
2684,2918,45,NULL
2686,2919,73,NULL
2688,2920,67,NULL
2690,2921,72,NULL
2692,2922,24,NULL
2694,2923,68,NULL
2699,2924,70,NULL
2701,2925,64,NULL
2704,2926,91,NULL
2707,2927,82,NULL
2711,2928,24,NULL
2714,2929,80,NULL
2724,2930,53,NULL
2727,2931,50,NULL
2730,2932,31,NULL
2733,2933,88,NULL
2736,2934,52,NULL
2740,2935,22,NULL
2742,2936,27,NULL
2744,2937,34,NULL
2746,2938,39,NULL
2748,2939,53,NULL
2751,2940,46,NULL
2755,2941,85,NULL
2758,2942,86,NULL
2761,2943,63,NULL
2763,2944,44,NULL
2768,2945,95,NULL
2771,2946,49,NULL
2774,2947,77,NULL
2777,2948,63,NULL
2780,2949,83,NULL
2785,2950,93,NULL
2788,2951,91,NULL
2791,2952,99,NULL
2794,2953,24,NULL
2797,2954,82,NULL
2800,2955,28,NULL
2803,2956,67,NULL
2807,2957,88,NULL
2811,2958,70,NULL
2813,2959,100,NULL
2818,2960,28,NULL
2821,2961,48,NULL
2825,2962,43,NULL
2829,2963,40,NULL
2833,2964,97,NULL
2836,2965,25,NULL
2839,2966,45,NULL
2844,2967,49,NULL
2706,2968,36,NULL
2709,2969,48,NULL
2712,2970,62,NULL
2716,2971,74,NULL
2718,2972,100,NULL
2720,2973,39,NULL
2722,2974,65,NULL
2725,2975,99,NULL
2728,2976,68,NULL
2731,2977,97,NULL
2734,2978,47,NULL
2737,2979,56,NULL
2750,2980,91,NULL
2753,2981,93,NULL
2756,2982,36,NULL
2759,2983,45,NULL
2764,2984,44,NULL
2766,2985,32,NULL
2769,2986,36,NULL
2772,2987,85,NULL
2775,2988,36,NULL
2778,2989,55,NULL
2781,2990,20,NULL
2783,2991,91,NULL
2787,2992,71,NULL
2790,2993,64,NULL
2793,2994,21,NULL
2796,2995,100,NULL
2799,2996,96,NULL
2802,2997,91,NULL
2805,2998,40,NULL
2808,2999,53,NULL
2810,3000,48,NULL
2814,3001,70,NULL
2817,3002,29,NULL
2820,3003,29,NULL
2823,3004,53,NULL
2826,3005,79,NULL
2828,3006,65,NULL
2831,3007,99,NULL
2834,3008,60,NULL
2837,3009,86,NULL
2840,3010,73,NULL
2842,3011,45,NULL
2845,3012,70,NULL
2847,3013,65,NULL
2849,3014,55,NULL
2851,3015,65,NULL
2853,3016,21,NULL
2855,3017,26,NULL
2857,3018,71,NULL
2859,3019,41,NULL
2861,3020,44,NULL
2863,3021,81,NULL
2866,3022,77,NULL
2868,3023,26,NULL
2870,3024,31,NULL
2872,3025,82,NULL
2873,3026,60,NULL
2875,3027,70,NULL
2878,3028,26,NULL
2880,3029,100,NULL
2883,3030,82,NULL
2886,3031,24,NULL
2889,3032,74,NULL
2892,3033,58,NULL
2895,3034,56,NULL
2897,3035,37,NULL
2900,3036,64,NULL
2903,3037,58,NULL
2906,3038,44,NULL
2909,3039,39,NULL
2911,3040,48,NULL
2913,3041,32,NULL
2916,3042,79,NULL
2919,3043,27,NULL
2921,3044,98,NULL
2923,3045,67,NULL
2925,3046,37,NULL
2927,3047,49,NULL
2929,3048,74,NULL
2931,3049,93,NULL
2934,3050,60,NULL
2936,3051,76,NULL
2937,3052,64,NULL
2939,3053,38,NULL
2941,3054,91,NULL
2943,3055,70,NULL
2945,3056,22,NULL
2948,3057,59,NULL
2951,3058,22,NULL
2954,3059,74,NULL
2961,3060,71,NULL
2963,3061,80,NULL
2964,3062,59,NULL
2967,3063,96,NULL
2969,3064,43,NULL
2972,3065,76,NULL
2975,3066,59,NULL
2978,3067,48,NULL
2981,3068,22,NULL
2984,3069,40,NULL
2986,3070,73,NULL
2987,3071,26,NULL
2990,3072,41,NULL
2993,3073,98,NULL
2996,3074,63,NULL
2998,3075,55,NULL
2999,3076,90,NULL
3000,3077,46,NULL
3001,3078,88,NULL
3002,3079,95,NULL
3003,3080,31,NULL
3005,3081,42,NULL
3006,3082,44,NULL
3008,3083,99,NULL
3010,3084,20,NULL
3011,3085,37,NULL
3013,3086,50,NULL
3015,3087,73,NULL
3017,3088,84,NULL
3018,3089,64,NULL
3020,3090,21,NULL
3022,3091,36,NULL
3024,3092,81,NULL
3026,3093,54,NULL
3027,3094,63,NULL
3028,3095,59,NULL
3030,3096,53,NULL
3032,3097,63,NULL
3035,3098,33,NULL
3037,3099,64,NULL
3040,3100,98,NULL
3043,3101,85,NULL
3045,3102,82,NULL
3047,3103,85,NULL
3050,3104,37,NULL
3052,3105,56,NULL
3054,3106,33,NULL
3056,3107,57,NULL
3058,3108,31,NULL
3060,3109,69,NULL
3063,3110,92,NULL
3067,3111,46,NULL
3070,3112,81,NULL
3073,3113,97,NULL
3076,3114,93,NULL
3079,3115,56,NULL
3082,3116,53,NULL
3085,3117,66,NULL
3088,3118,50,NULL
3089,3119,97,NULL
3090,3120,79,NULL
3091,3121,76,NULL
3093,3122,38,NULL
3095,3123,45,NULL
3097,3124,77,NULL
3099,3125,51,NULL
3101,3126,26,NULL
3187,3127,76,NULL
3190,3128,94,NULL
3193,3129,32,NULL
3196,3130,20,NULL
3199,3131,20,NULL
3204,3132,59,NULL
3209,3133,97,NULL
3212,3134,68,NULL
3215,3135,66,NULL
3218,3136,85,NULL
3221,3137,32,NULL
3225,3138,44,NULL
3229,3139,95,NULL
3232,3140,85,NULL
3236,3141,44,NULL
3250,3142,30,NULL
3252,3143,21,NULL
3254,3144,22,NULL
3258,3145,70,NULL
3261,3146,29,NULL
3264,3147,83,NULL
3267,3148,99,NULL
3272,3149,35,NULL
3275,3150,40,NULL
3278,3151,25,NULL
3281,3152,64,NULL
3284,3153,90,NULL
3288,3154,88,NULL
3291,3155,55,NULL
3294,3156,90,NULL
3297,3157,50,NULL
3300,3158,34,NULL
3302,3159,77,NULL
3305,3160,89,NULL
3308,3161,87,NULL
3311,3162,77,NULL
3314,3163,85,NULL
3317,3164,66,NULL
3320,3165,32,NULL
3333,3166,92,NULL
3335,3167,80,NULL
3338,3168,78,NULL
3341,3169,24,NULL
3344,3170,59,NULL
3347,3171,41,NULL
3350,3172,26,NULL
3353,3173,52,NULL
3356,3174,46,NULL
3359,3175,52,NULL
3361,3176,42,NULL
3364,3177,37,NULL
3367,3178,52,NULL
3374,3179,34,NULL
3376,3180,88,NULL
3378,3181,88,NULL
3380,3182,51,NULL
3382,3183,97,NULL
3384,3184,56,NULL
3387,3185,53,NULL
3391,3186,71,NULL
3394,3187,93,NULL
3397,3188,72,NULL
3399,3189,59,NULL
3402,3190,87,NULL
3405,3191,78,NULL
3408,3192,68,NULL
3410,3193,76,NULL
3413,3194,99,NULL
3416,3195,52,NULL
3419,3196,58,NULL
3422,3197,59,NULL
3424,3198,71,NULL
3426,3199,94,NULL
3427,3200,40,NULL
3428,3201,24,NULL
3429,3202,38,NULL
3431,3203,37,NULL
3438,3204,29,NULL
3441,3205,92,NULL
3443,3206,24,NULL
3446,3207,52,NULL
3449,3208,29,NULL
3452,3209,30,NULL
3455,3210,31,NULL
3458,3211,67,NULL
3461,3212,65,NULL
3469,3213,22,NULL
3471,3214,56,NULL
3474,3215,78,NULL
3476,3216,90,NULL
3479,3217,85,NULL
3482,3218,58,NULL
3486,3219,34,NULL
3489,3220,40,NULL
3491,3221,29,NULL
3494,3222,76,NULL
3497,3223,84,NULL
3499,3224,65,NULL
3501,3225,80,NULL
2877,3226,98,NULL
2881,3227,71,NULL
2884,3228,69,NULL
2887,3229,95,NULL
2890,3230,67,NULL
2894,3231,49,NULL
2898,3232,97,NULL
2901,3233,34,NULL
2904,3234,74,NULL
2907,3235,96,NULL
2910,3236,68,NULL
2914,3237,84,NULL
2917,3238,57,NULL
2920,3239,84,NULL
2922,3240,32,NULL
2924,3241,37,NULL
2926,3242,58,NULL
2928,3243,74,NULL
2930,3244,99,NULL
2932,3245,81,NULL
2935,3246,76,NULL
2938,3247,98,NULL
2940,3248,91,NULL
2942,3249,79,NULL
2944,3250,83,NULL
2947,3251,90,NULL
2950,3252,20,NULL
2953,3253,21,NULL
2956,3254,60,NULL
2958,3255,31,NULL
2960,3256,40,NULL
2962,3257,26,NULL
2965,3258,98,NULL
2968,3259,51,NULL
2971,3260,95,NULL
2974,3261,36,NULL
2977,3262,52,NULL
2980,3263,35,NULL
2983,3264,68,NULL
2985,3265,50,NULL
2988,3266,100,NULL
2991,3267,74,NULL
2994,3268,45,NULL
2997,3269,97,NULL
3039,3270,60,NULL
3042,3271,25,NULL
3044,3272,55,NULL
3049,3273,99,NULL
3051,3274,45,NULL
3053,3275,20,NULL
3055,3276,88,NULL
3057,3277,99,NULL
3059,3278,86,NULL
3061,3279,70,NULL
3064,3280,50,NULL
3066,3281,57,NULL
3069,3282,69,NULL
3072,3283,94,NULL
3075,3284,24,NULL
3078,3285,79,NULL
3080,3286,31,NULL
3083,3287,67,NULL
3086,3288,63,NULL
3092,3289,61,NULL
3094,3290,50,NULL
3096,3291,82,NULL
3098,3292,51,NULL
3100,3293,23,NULL
3102,3294,91,NULL
3103,3295,60,NULL
3104,3296,34,NULL
3105,3297,23,NULL
3106,3298,82,NULL
3107,3299,73,NULL
3108,3300,32,NULL
3109,3301,80,NULL
3111,3302,58,NULL
3112,3303,82,NULL
3114,3304,60,NULL
3116,3305,79,NULL
3118,3306,41,NULL
3120,3307,39,NULL
3122,3308,36,NULL
3124,3309,70,NULL
3126,3310,47,NULL
3129,3311,27,NULL
3131,3312,52,NULL
3133,3313,75,NULL
3136,3314,30,NULL
3138,3315,94,NULL
3140,3316,68,NULL
3141,3317,45,NULL
3143,3318,67,NULL
3145,3319,46,NULL
3147,3320,31,NULL
3148,3321,44,NULL
3150,3322,100,NULL
3152,3323,92,NULL
3154,3324,78,NULL
3156,3325,32,NULL
3158,3326,97,NULL
3160,3327,95,NULL
3167,3328,64,NULL
3169,3329,35,NULL
3171,3330,54,NULL
3173,3331,96,NULL
3175,3332,58,NULL
3177,3333,23,NULL
3179,3334,35,NULL
3181,3335,23,NULL
3183,3336,94,NULL
3185,3337,45,NULL
3188,3338,23,NULL
3191,3339,94,NULL
3194,3340,99,NULL
3198,3341,36,NULL
3201,3342,50,NULL
3202,3343,81,NULL
3205,3344,31,NULL
3207,3345,48,NULL
3210,3346,91,NULL
3213,3347,99,NULL
3216,3348,70,NULL
3219,3349,74,NULL
3222,3350,79,NULL
3224,3351,33,NULL
3227,3352,49,NULL
3230,3353,96,NULL
3233,3354,66,NULL
3235,3355,45,NULL
3238,3356,28,NULL
3240,3357,48,NULL
3242,3358,67,NULL
3244,3359,59,NULL
3246,3360,74,NULL
3247,3361,81,NULL
3248,3362,26,NULL
3249,3363,61,NULL
3251,3364,23,NULL
3253,3365,33,NULL
3255,3366,58,NULL
3257,3367,65,NULL
3260,3368,48,NULL
3263,3369,25,NULL
3265,3370,51,NULL
3268,3371,31,NULL
3270,3372,99,NULL
3273,3373,25,NULL
3276,3374,52,NULL
3280,3375,47,NULL
3283,3376,98,NULL
3286,3377,46,NULL
3289,3378,32,NULL
3293,3379,75,NULL
3296,3380,51,NULL
3299,3381,52,NULL
3303,3382,66,NULL
3306,3383,35,NULL
3309,3384,43,NULL
3312,3385,24,NULL
3316,3386,83,NULL
3319,3387,62,NULL
3322,3388,78,NULL
3324,3389,61,NULL
3327,3390,57,NULL
3330,3391,70,NULL
3332,3392,57,NULL
3334,3393,74,NULL
3339,3394,90,NULL
3342,3395,98,NULL
3345,3396,43,NULL
3348,3397,37,NULL
3351,3398,38,NULL
3355,3399,60,NULL
3358,3400,55,NULL
3363,3401,51,NULL
3366,3402,71,NULL
3368,3403,61,NULL
3369,3404,65,NULL
3370,3405,34,NULL
3373,3406,87,NULL
3375,3407,79,NULL
3377,3408,46,NULL
3379,3409,72,NULL
3381,3410,93,NULL
3383,3411,76,NULL
3386,3412,56,NULL
3389,3413,83,NULL
3393,3414,90,NULL
3396,3415,94,NULL
3400,3416,68,NULL
3403,3417,53,NULL
3406,3418,35,NULL
3411,3419,30,NULL
3414,3420,26,NULL
3417,3421,60,NULL
3421,3422,30,NULL
3425,3423,91,NULL
3433,3424,71,NULL
3436,3425,64,NULL
3439,3426,54,NULL
3444,3427,35,NULL
3447,3428,38,NULL
3450,3429,69,NULL
3453,3430,96,NULL
3456,3431,73,NULL
3459,3432,49,NULL
3462,3433,44,NULL
3465,3434,93,NULL
3467,3435,72,NULL
3477,3436,91,NULL
3481,3437,83,NULL
3484,3438,62,NULL
3488,3439,71,NULL
3492,3440,93,NULL
3496,3441,63,NULL
3498,3442,96,NULL
3502,3443,78,NULL
3504,3444,24,NULL
3506,3445,63,NULL
3507,3446,58,NULL
3508,3447,55,NULL
3509,3448,58,NULL
3510,3449,28,NULL
3511,3450,37,NULL
3514,3451,78,NULL
3516,3452,73,NULL
3518,3453,20,NULL
3520,3454,60,NULL
3522,3455,71,NULL
3524,3456,89,NULL
3527,3457,53,NULL
3530,3458,87,NULL
3532,3459,37,NULL
3535,3460,37,NULL
3537,3461,78,NULL
3539,3462,23,NULL
3541,3463,73,NULL
3544,3464,27,NULL
3546,3465,59,NULL
3548,3466,53,NULL
3551,3467,42,NULL
3554,3468,45,NULL
3556,3469,89,NULL
3558,3470,85,NULL
3560,3471,69,NULL
3562,3472,66,NULL
3565,3473,42,NULL
3567,3474,40,NULL
3569,3475,82,NULL
3572,3476,88,NULL
3574,3477,99,NULL
3577,3478,85,NULL
3579,3479,57,NULL
3582,3480,56,NULL
3584,3481,79,NULL
3586,3482,67,NULL
3588,3483,61,NULL
3591,3484,37,NULL
3110,3485,75,NULL
3113,3486,21,NULL
3115,3487,89,NULL
3117,3488,24,NULL
3119,3489,27,NULL
3121,3490,26,NULL
3123,3491,82,NULL
3125,3492,28,NULL
3127,3493,65,NULL
3128,3494,82,NULL
3130,3495,38,NULL
3132,3496,33,NULL
3134,3497,38,NULL
3135,3498,48,NULL
3137,3499,35,NULL
3139,3500,29,NULL
3142,3501,48,NULL
3144,3502,87,NULL
3146,3503,62,NULL
3149,3504,96,NULL
3151,3505,41,NULL
3153,3506,42,NULL
3155,3507,57,NULL
3157,3508,65,NULL
3159,3509,54,NULL
3161,3510,22,NULL
3162,3511,96,NULL
3163,3512,81,NULL
3164,3513,46,NULL
3165,3514,74,NULL
3166,3515,50,NULL
3168,3516,80,NULL
3170,3517,56,NULL
3172,3518,69,NULL
3174,3519,97,NULL
3176,3520,66,NULL
3178,3521,70,NULL
3180,3522,50,NULL
3182,3523,85,NULL
3184,3524,59,NULL
3186,3525,74,NULL
3189,3526,38,NULL
3192,3527,99,NULL
3195,3528,97,NULL
3197,3529,67,NULL
3200,3530,20,NULL
3203,3531,45,NULL
3206,3532,52,NULL
3208,3533,68,NULL
3211,3534,98,NULL
3214,3535,83,NULL
3217,3536,51,NULL
3220,3537,21,NULL
3223,3538,92,NULL
3226,3539,63,NULL
3228,3540,56,NULL
3231,3541,95,NULL
3234,3542,66,NULL
3237,3543,28,NULL
3239,3544,83,NULL
3241,3545,55,NULL
3243,3546,28,NULL
3245,3547,79,NULL
3256,3548,31,NULL
3259,3549,37,NULL
3262,3550,34,NULL
3266,3551,74,NULL
3269,3552,31,NULL
3271,3553,66,NULL
3274,3554,99,NULL
3277,3555,55,NULL
3279,3556,23,NULL
3282,3557,88,NULL
3285,3558,26,NULL
3287,3559,94,NULL
3290,3560,25,NULL
3292,3561,96,NULL
3295,3562,29,NULL
3298,3563,36,NULL
3301,3564,90,NULL
3304,3565,38,NULL
3307,3566,52,NULL
3310,3567,88,NULL
3313,3568,56,NULL
3315,3569,71,NULL
3318,3570,94,NULL
3321,3571,97,NULL
3323,3572,27,NULL
3325,3573,28,NULL
3326,3574,67,NULL
3328,3575,70,NULL
3329,3576,95,NULL
3331,3577,24,NULL
3336,3578,35,NULL
3337,3579,22,NULL
3340,3580,66,NULL
3343,3581,83,NULL
3346,3582,95,NULL
3349,3583,41,NULL
3352,3584,77,NULL
3354,3585,52,NULL
3357,3586,41,NULL
3360,3587,28,NULL
3362,3588,90,NULL
3365,3589,55,NULL
3371,3590,73,NULL
3372,3591,87,NULL
3385,3592,89,NULL
3388,3593,82,NULL
3390,3594,80,NULL
3392,3595,87,NULL
3395,3596,41,NULL
3398,3597,83,NULL
3401,3598,71,NULL
3404,3599,76,NULL
3407,3600,34,NULL
3409,3601,81,NULL
3412,3602,47,NULL
3415,3603,36,NULL
3418,3604,51,NULL
3420,3605,86,NULL
3423,3606,41,NULL
3430,3607,90,NULL
3432,3608,93,NULL
3434,3609,56,NULL
3435,3610,39,NULL
3437,3611,86,NULL
3440,3612,82,NULL
3442,3613,29,NULL
3445,3614,27,NULL
3448,3615,25,NULL
3451,3616,31,NULL
3454,3617,23,NULL
3457,3618,47,NULL
3460,3619,67,NULL
3463,3620,75,NULL
3464,3621,82,NULL
3466,3622,32,NULL
3468,3623,41,NULL
3470,3624,89,NULL
3472,3625,82,NULL
3473,3626,99,NULL
3475,3627,98,NULL
3478,3628,54,NULL
3480,3629,88,NULL
3483,3630,43,NULL
3485,3631,73,NULL
3487,3632,50,NULL
3490,3633,73,NULL
3493,3634,51,NULL
3495,3635,22,NULL
3500,3636,32,NULL
3503,3637,38,NULL
3505,3638,66,NULL
3590,3639,20,NULL
3592,3640,44,NULL
3593,3641,31,NULL
3594,3642,45,NULL
3595,3643,71,NULL
3596,3644,96,NULL
3598,3645,32,NULL
3600,3646,90,NULL
3602,3647,68,NULL
3604,3648,45,NULL
3606,3649,67,NULL
3610,3650,57,NULL
3612,3651,60,NULL
3614,3652,32,NULL
3617,3653,29,NULL
3619,3654,20,NULL
3621,3655,98,NULL
3624,3656,27,NULL
3626,3657,67,NULL
3629,3658,82,NULL
3631,3659,72,NULL
3633,3660,77,NULL
3635,3661,74,NULL
3638,3662,39,NULL
3640,3663,80,NULL
3642,3664,59,NULL
3643,3665,68,NULL
3644,3666,77,NULL
3645,3667,50,NULL
3646,3668,45,NULL
3647,3669,71,NULL
3648,3670,52,NULL
3649,3671,50,NULL
3650,3672,66,NULL
3651,3673,81,NULL
3652,3674,28,NULL
3653,3675,65,NULL
3654,3676,80,NULL
3655,3677,94,NULL
3656,3678,30,NULL
3657,3679,45,NULL
3658,3680,91,NULL
3659,3681,36,NULL
3660,3682,73,NULL
3661,3683,60,NULL
3662,3684,77,NULL
3663,3685,86,NULL
3664,3686,42,NULL
3665,3687,70,NULL
3666,3688,44,NULL
3667,3689,91,NULL
3668,3690,30,NULL
3669,3691,23,NULL
3670,3692,21,NULL
3671,3693,34,NULL
3672,3694,46,NULL
3673,3695,41,NULL
3674,3696,33,NULL
3675,3697,48,NULL
3676,3698,66,NULL
3677,3699,54,NULL
3678,3700,55,NULL
3679,3701,84,NULL
3680,3702,66,NULL
3681,3703,65,NULL
3682,3704,83,NULL
3683,3705,61,NULL
3684,3706,65,NULL
3685,3707,55,NULL
3686,3708,79,NULL
3687,3709,96,NULL
3688,3710,43,NULL
3689,3711,40,NULL
3690,3712,62,NULL
3691,3713,72,NULL
3692,3714,87,NULL
3693,3715,31,NULL
3694,3716,34,NULL
3695,3717,53,NULL
3696,3718,85,NULL
3697,3719,50,NULL
3698,3720,91,NULL
3699,3721,56,NULL
3700,3722,60,NULL
3701,3723,34,NULL
3702,3724,30,NULL
3703,3725,71,NULL
3704,3726,100,NULL
3705,3727,85,NULL
3706,3728,83,NULL
3707,3729,31,NULL
3708,3730,82,NULL
3709,3731,79,NULL
3710,3732,62,NULL
3711,3733,92,NULL
3712,3734,58,NULL
3713,3735,88,NULL
3714,3736,44,NULL
3715,3737,56,NULL
3716,3738,23,NULL
3717,3739,45,NULL
3718,3740,31,NULL
3719,3741,96,NULL
3720,3742,96,NULL
3512,3743,80,NULL
3513,3744,28,NULL
3515,3745,51,NULL
3517,3746,41,NULL
3519,3747,99,NULL
3521,3748,53,NULL
3523,3749,25,NULL
3525,3750,95,NULL
3526,3751,88,NULL
3528,3752,97,NULL
3529,3753,81,NULL
3531,3754,26,NULL
3533,3755,41,NULL
3534,3756,93,NULL
3536,3757,69,NULL
3538,3758,44,NULL
3540,3759,54,NULL
3542,3760,61,NULL
3543,3761,80,NULL
3545,3762,30,NULL
3547,3763,94,NULL
3549,3764,24,NULL
3550,3765,21,NULL
3552,3766,52,NULL
3553,3767,59,NULL
3555,3768,51,NULL
3557,3769,35,NULL
3559,3770,87,NULL
3561,3771,42,NULL
3563,3772,86,NULL
3564,3773,26,NULL
3566,3774,60,NULL
3568,3775,83,NULL
3570,3776,63,NULL
3571,3777,25,NULL
3573,3778,65,NULL
3575,3779,60,NULL
3576,3780,75,NULL
3578,3781,57,NULL
3580,3782,99,NULL
3581,3783,45,NULL
3583,3784,66,NULL
3585,3785,53,NULL
3587,3786,94,NULL
3589,3787,47,NULL
3597,3788,80,NULL
3599,3789,65,NULL
3601,3790,75,NULL
3603,3791,45,NULL
3605,3792,51,NULL
3607,3793,58,NULL
3608,3794,20,NULL
3609,3795,82,NULL
3611,3796,92,NULL
3613,3797,81,NULL
3615,3798,44,NULL
3616,3799,72,NULL
3618,3800,26,NULL
3620,3801,26,NULL
3622,3802,84,NULL
3623,3803,72,NULL
3625,3804,55,NULL
3627,3805,77,NULL
3628,3806,57,NULL
3630,3807,71,NULL
3632,3808,39,NULL
3634,3809,28,NULL
3636,3810,33,NULL
3637,3811,79,NULL
3639,3812,30,NULL
3641,3813,75,NULL
3721,3814,89,NULL
3722,3815,95,NULL
3723,3816,44,NULL
3724,3817,86,NULL
3725,3818,91,NULL
3726,3819,41,NULL
3727,3820,99,NULL
3728,3821,65,NULL
3729,3822,48,NULL
3730,3823,41,NULL
3731,3824,42,NULL
3732,3825,26,NULL
3733,3826,35,NULL
3734,3827,31,NULL
3735,3828,73,NULL
3736,3829,82,NULL
3737,3830,32,NULL
3738,3831,27,NULL
3739,3832,86,NULL
3740,3833,38,NULL
3741,3834,93,NULL
3742,3835,59,NULL
3743,3836,58,NULL
3744,3837,84,NULL
3745,3838,100,NULL
3746,3839,25,NULL
3747,3840,29,NULL
3748,3841,42,NULL
3749,3842,57,NULL
3750,3843,84,NULL
3751,3844,71,NULL
3752,3845,87,NULL
3753,3846,52,NULL
3754,3847,58,NULL
3755,3848,34,NULL
3756,3849,60,NULL
3757,3850,68,NULL
3758,3851,74,NULL
3759,3852,83,NULL
3760,3853,79,NULL
3761,3854,76,NULL
3762,3855,20,NULL
3763,3856,61,NULL
3764,3857,78,NULL
3765,3858,21,NULL
3766,3859,77,NULL
3767,3860,88,NULL
3768,3861,64,NULL
3769,3862,57,NULL
3770,3863,49,NULL
3771,3864,35,NULL
3772,3865,99,NULL
3773,3866,42,NULL
3774,3867,32,NULL
3775,3868,21,NULL
3776,3869,29,NULL
3777,3870,64,NULL
3778,3871,46,NULL
3779,3872,97,NULL
3780,3873,94,NULL
3781,3874,43,NULL
3782,3875,54,NULL
3783,3876,51,NULL
3784,3877,85,NULL
3785,3878,96,NULL
3786,3879,42,NULL
3787,3880,63,NULL
3788,3881,20,NULL
3789,3882,25,NULL
3790,3883,95,NULL
3791,3884,38,NULL
3792,3885,29,NULL
3793,3886,64,NULL
3794,3887,92,NULL
3795,3888,34,NULL
3796,3889,69,NULL
3797,3890,65,NULL
3798,3891,81,NULL
3799,3892,30,NULL
3800,3893,86,NULL
3801,3894,64,NULL
3802,3895,78,NULL
3803,3896,28,NULL
3804,3897,49,NULL
3805,3898,33,NULL
3806,3899,77,NULL
3807,3900,81,NULL
