Order_ID,"Customer ID","Purchase Amount (USD)",Row_Num
174,43,100,1
219,456,100,2
278,194,100,3
315,205,100,4
409,96,100,5
450,244,100,6
465,249,100,7
472,519,100,8
586,770,100,9
656,582,100,10
804,616,100,11
1012,862,100,12
1030,1209,100,13
1071,1422,100,14
1154,1457,100,15
1258,1480,100,16
1310,1301,100,17
1595,1592,100,18
1754,1406,100,19
1775,1413,100,20
1797,1848,100,21
1919,2215,100,22
2090,2286,100,23
2333,2803,100,24
2347,2808,100,25
2416,2843,100,26
2718,2972,100,27
2721,2072,100,28
2796,2995,100,29
2813,2959,100,30
2880,3029,100,31
2988,3266,100,32
3150,3322,100,33
3704,3726,100,34
3745,3838,100,35
3880,2431,100,36
75,414,99,37
223,458,99,38
373,92,99,39
385,500,99,40
519,757,99,41
557,766,99,42
585,293,99,43
608,905,99,44
609,564,99,45
624,909,99,46
635,571,99,47
750,957,99,48
769,960,99,49
879,993,99,50
1026,1206,99,51
1099,886,99,52
1149,1235,99,53
1184,1248,99,54
1253,1286,99,55
1506,1567,99,56
1584,1588,99,57
1675,1810,99,58
1825,1942,99,59
1900,1871,99,60
1990,2463,99,61
2059,2272,99,62
2171,2726,99,63
2420,2600,99,64
2441,2612,99,65
2580,2010,99,66
2705,2065,99,67
2725,2975,99,68
2791,2952,99,69
2831,3007,99,70
2930,3244,99,71
3008,3083,99,72
3046,2183,99,73
3049,3273,99,74
3057,3277,99,75
3192,3527,99,76
3194,3340,99,77
3213,3347,99,78
3267,3148,99,79
3270,3372,99,80
3274,3554,99,81
3413,3194,99,82
3473,3626,99,83
3519,3747,99,84
3574,3477,99,85
3580,3782,99,86
3727,3820,99,87
3772,3865,99,88
79,663,98,89
157,155,98,90
432,101,98,91
558,544,98,92
612,301,98,93
826,981,98,94
841,332,98,95
1183,901,98,96
1188,1470,98,97
1226,1271,98,98
1241,1279,98,99
1313,1497,98,100
1396,1735,98,101
1458,1738,98,102
1461,1740,98,103
1529,1099,98,104
1637,1792,98,105
1662,1604,98,106
1671,1133,98,107
1777,1841,98,108
1975,2456,98,109
2012,2474,98,110
2022,2480,98,111
2200,2746,98,112
2231,2749,98,113
2245,2758,98,114
2246,2759,98,115
2277,2531,98,116
2282,2774,98,117
2351,2810,98,118
2356,2569,98,119
2386,2583,98,120
2432,2607,98,121
2533,1980,98,122
2541,2663,98,123
2553,1993,98,124
2696,2059,98,125
2848,2121,98,126
2877,3226,98,127
2896,2142,98,128
2921,3044,98,129
2938,3247,98,130
2965,3258,98,131
2993,3073,98,132
3019,2172,98,133
3034,2179,98,134
3040,3100,98,135
3211,3534,98,136
3283,3376,98,137
3342,3395,98,138
3475,3627,98,139
3621,3655,98,140
42,9,97,141
218,455,97,142
329,210,97,143
393,728,97,144
639,573,97,145
706,939,97,146
723,945,97,147
876,992,97,148
964,1015,97,149
978,1190,97,150
1087,1429,97,151
1108,1438,97,152
1119,1226,97,153
1225,1683,97,154
1239,1278,97,155
1419,1084,97,156
1429,1329,97,157
1550,1579,97,158
1597,1110,97,159
1618,1375,97,160
1656,1804,97,161
1955,2230,97,162
2032,1898,97,163
2034,2485,97,164
2035,1899,97,165
2072,1915,97,166
2087,2283,97,167
2155,2330,97,168
2243,2756,97,169
2317,2548,97,170
2339,2806,97,171
2452,2618,97,172
2467,2866,97,173
2542,1984,97,174
2546,1986,97,175
2575,2007,97,176
2598,2019,97,177
2731,2977,97,178
2770,2092,97,179
2833,2964,97,180
2898,3232,97,181
2997,3269,97,182
3023,2174,97,183
3073,3113,97,184
3089,3119,97,185
3158,3326,97,186
3174,3519,97,187
3195,3528,97,188
3209,3133,97,189
3321,3571,97,190
3382,3183,97,191
3528,3752,97,192
3779,3872,97,193
3843,2394,97,194
3855,2406,97,195
143,151,96,196
221,457,96,197
253,183,96,198
331,80,96,199
338,82,96,200
441,106,96,201
747,809,96,202
859,987,96,203
911,1165,96,204
955,1182,96,205
960,362,96,206
1263,1055,96,207
1328,1067,96,208
1351,1719,96,209
1365,1074,96,210
1586,1107,96,211
1626,1117,96,212
1654,1803,96,213
1679,1385,96,214
1748,1830,96,215
1903,1872,96,216
1923,2216,96,217
1979,2240,96,218
2000,2247,96,219
2013,2253,96,220
2031,2484,96,221
2033,2260,96,222
2062,2274,96,223
2121,2308,96,224
2214,2493,96,225
2371,2576,96,226
2385,2828,96,227
2539,2662,96,228
2554,1994,96,229
2639,2700,96,230
2681,2051,96,231
2799,2996,96,232
2907,3235,96,233
2967,3063,96,234
3149,3504,96,235
3162,3511,96,236
3173,3331,96,237
3230,3353,96,238
3292,3561,96,239
3453,3430,96,240
3498,3442,96,241
3596,3644,96,242
3687,3709,96,243
3719,3741,96,244
3720,3742,96,245
3785,3878,96,246
3861,2412,96,247
3895,2446,96,248
58,140,95,249
113,680,95,250
123,146,95,251
179,693,95,252
360,86,95,253
463,751,95,254
508,115,95,255
549,279,95,256
581,769,95,257
614,302,95,258
765,323,95,259
993,1196,95,260
1000,1021,95,261
1041,1027,95,262
1101,1436,95,263
1135,1449,95,264
1168,1462,95,265
1222,1682,95,266
1254,1696,95,267
1445,1541,95,268
1508,1762,95,269
1535,1348,95,270
1574,1585,95,271
1602,1594,95,272
1925,1967,95,273
1969,2454,95,274
2104,2295,95,275
2123,2310,95,276
2130,2315,95,277
2141,2713,95,278
2263,2768,95,279
2438,2610,95,280
2444,2856,95,281
2551,1991,95,282
2562,2667,95,283
2768,2945,95,284
2887,3229,95,285
2891,2140,95,286
2971,3260,95,287
3002,3079,95,288
3160,3327,95,289
3229,3139,95,290
3231,3541,95,291
3329,3576,95,292
3346,3582,95,293
3525,3750,95,294
3722,3815,95,295
3790,3883,95,296
3837,2388,95,297
3863,2414,95,298
3892,2443,95,299
39,135,94,300
124,29,94,301
126,430,94,302
230,55,94,303
261,188,94,304
276,67,94,305
281,195,94,306
361,223,94,307
513,116,94,308
559,283,94,309
578,553,94,310
633,780,94,311
659,585,94,312
684,930,94,313
812,619,94,314
814,825,94,315
817,826,94,316
822,827,94,317
849,631,94,318
918,1006,94,319
921,1170,94,320
1024,1205,94,321
1037,1212,94,322
1250,1284,94,323
1340,1069,94,324
1490,1560,94,325
1498,1758,94,326
1557,1779,94,327
1708,1821,94,328
1913,2214,94,329
2011,2252,94,330
2049,2266,94,331
2151,2328,94,332
2166,2337,94,333
2197,2744,94,334
2223,2502,94,335
2227,2505,94,336
2280,2773,94,337
2508,1971,94,338
2536,1981,94,339
2583,2012,94,340
2667,2709,94,341
2683,2052,94,342
2752,2085,94,343
2879,2136,94,344
2955,2154,94,345
3072,3283,94,346
3077,2190,94,347
3138,3315,94,348
3183,3336,94,349
3190,3128,94,350
3191,3339,94,351
3287,3559,94,352
3318,3570,94,353
3396,3415,94,354
3426,3199,94,355
3547,3763,94,356
3587,3786,94,357
3655,3677,94,358
3780,3873,94,359
3826,2377,94,360
3827,2378,94,361
1,388,93,362
23,650,93,363
59,405,93,364
233,462,93,365
341,214,93,366
621,567,93,367
889,645,93,368
1039,386,93,369
1147,1454,93,370
1211,1261,93,371
1229,1685,93,372
1251,1285,93,373
1262,1289,93,374
1312,1712,93,375
1376,1319,93,376
1384,1516,93,377
1480,1749,93,378
1491,1755,93,379
1504,1566,93,380
1511,1764,93,381
1687,1610,93,382
1770,1411,93,383
1854,1654,93,384
2020,2479,93,385
2091,1927,93,386
2140,2324,93,387
2181,2735,93,388
2388,2584,93,389
2430,2606,93,390
2439,2611,93,391
2449,2858,93,392
2753,2981,93,393
2785,2950,93,394
2822,2111,93,395
2882,2137,93,396
2931,3049,93,397
3033,2178,93,398
3076,3114,93,399
3381,3410,93,400
3394,3187,93,401
3432,3608,93,402
3465,3434,93,403
3492,3440,93,404
3534,3756,93,405
3741,3834,93,406
3808,2359,93,407
147,434,92,408
339,212,92,409
427,98,92,410
447,746,92,411
760,605,92,412
908,1163,92,413
998,1198,92,414
1122,1443,92,415
1158,1238,92,416
1175,1465,92,417
1216,1265,92,418
1361,1073,92,419
1527,1573,92,420
1542,1774,92,421
1569,1584,92,422
1641,1794,92,423
1666,1605,92,424
1691,1815,92,425
2005,2470,92,426
2027,2482,92,427
2048,2265,92,428
2098,1929,92,429
2145,2716,92,430
2172,2727,92,431
2186,2345,92,432
2254,2516,92,433
2310,2789,92,434
2626,2696,92,435
2710,2067,92,436
2979,2161,92,437
3063,3110,92,438
3152,3323,92,439
3223,3538,92,440
3333,3166,92,441
3441,3205,92,442
3611,3796,92,443
3711,3733,92,444
3794,3887,92,445
34,402,91,446
100,420,91,447
120,428,91,448
148,35,91,449
155,690,91,450
224,459,91,451
323,208,91,452
325,79,91,453
326,711,91,454
543,762,91,455
717,943,91,456
795,819,91,457
894,997,91,458
919,1169,91,459
1095,885,91,460
1130,1227,91,461
1167,898,91,462
1360,1512,91,463
1434,1332,91,464
1531,1347,91,465
1567,1356,91,466
1696,1138,91,467
1934,2220,91,468
1966,1887,91,469
2024,2481,91,470
2094,2289,91,471
2162,2725,91,472
2261,2767,91,473
2357,2813,91,474
2538,1982,91,475
2588,2679,91,476
2631,2897,91,477
2704,2926,91,478
2750,2980,91,479
2760,2088,91,480
2776,2094,91,481
2783,2991,91,482
2788,2951,91,483
2802,2997,91,484
2940,3248,91,485
2941,3054,91,486
3031,2177,91,487
3102,3294,91,488
3210,3346,91,489
3425,3423,91,490
3477,3436,91,491
3658,3680,91,492
3667,3689,91,493
3698,3720,91,494
3725,3818,91,495
3815,2366,91,496
17,4,90,497
90,20,90,498
130,149,90,499
277,477,90,500
279,702,90,501
296,706,90,502
356,714,90,503
366,718,90,504
383,228,90,505
420,238,90,506
590,557,90,507
652,579,90,508
733,949,90,509
764,607,90,510
809,975,90,511
813,977,90,512
843,630,90,513
863,837,90,514
886,994,90,515
899,999,90,516
920,352,90,517
1029,1208,90,518
1046,1028,90,519
1085,1428,90,520
1170,1463,90,521
1382,1515,90,522
1592,1364,90,523
1643,1126,90,524
1689,1136,90,525
1783,1416,90,526
1845,1645,90,527
1906,1960,90,528
1924,1966,90,529
1940,1676,90,530
1996,2246,90,531
1997,1895,90,532
2150,2719,90,533
2234,2509,90,534
2262,2520,90,535
2348,2565,90,536
2367,2574,90,537
2379,2825,90,538
2391,2831,90,539
2481,2634,90,540
2502,2882,90,541
2565,2002,90,542
2618,2693,90,543
2893,2141,90,544
2947,3251,90,545
2999,3076,90,546
3284,3153,90,547
3294,3156,90,548
3301,3564,90,549
3339,3394,90,550
3362,3588,90,551
3393,3414,90,552
3430,3607,90,553
3476,3216,90,554
3600,3646,90,555
3890,2441,90,556
89,670,89,557
169,441,89,558
415,236,89,559
437,104,89,560
544,124,89,561
560,128,89,562
708,940,89,563
718,313,89,564
743,808,89,565
818,621,89,566
857,835,89,567
971,1188,89,568
1003,1200,89,569
1058,1031,89,570
1070,1036,89,571
1077,879,89,572
1440,1538,89,573
1451,1544,89,574
1522,1768,89,575
1555,1353,89,576
1732,1146,89,577
1822,1941,89,578
1829,1159,89,579
1908,2212,89,580
1971,1889,89,581
2009,2251,89,582
2182,2343,89,583
2274,2770,89,584
2327,2800,89,585
2355,2812,89,586
2372,2821,89,587
2561,2000,89,588
2747,2083,89,589
2757,2087,89,590
2762,2089,89,591
3021,2173,89,592
3115,3487,89,593
3305,3160,89,594
3385,3592,89,595
3470,3624,89,596
3524,3456,89,597
3556,3469,89,598
3721,3814,89,599
3852,2403,89,600
20,397,88,601
76,415,88,602
107,24,88,603
241,466,88,604
287,481,88,605
290,482,88,606
294,197,88,607
355,220,88,608
398,231,88,609
446,242,88,610
487,523,88,611
497,529,88,612
630,569,88,613
677,926,88,614
875,641,88,615
883,842,88,616
966,364,88,617
969,365,88,618
972,366,88,619
996,1197,88,620
1094,1432,88,621
1223,1269,88,622
1249,1694,88,623
1404,1524,88,624
1517,1766,88,625
1524,1572,88,626
1565,1783,88,627
1769,1630,88,628
1865,2198,88,629
1939,2222,88,630
1970,2237,88,631
2108,2297,88,632
2112,2301,88,633
2336,2557,88,634
2405,2838,88,635
2445,2614,88,636
2664,2708,88,637
2719,2071,88,638
2733,2933,88,639
2806,2105,88,640
2807,2957,88,641
3001,3078,88,642
3007,2167,88,643
3055,3276,88,644
3282,3557,88,645
3288,3154,88,646
3310,3567,88,647
3376,3180,88,648
3378,3181,88,649
3480,3629,88,650
3526,3751,88,651
3572,3476,88,652
3713,3735,88,653
3767,3860,88,654
3850,2401,88,655
116,426,87,656
291,704,87,657
376,93,87,658
416,511,87,659
825,625,87,660
885,843,87,661
904,350,87,662
1009,861,87,663
1209,1259,87,664
1261,1698,87,665
1286,1707,87,666
1316,1713,87,667
1353,1312,87,668
1387,1732,87,669
2030,2483,87,670
2110,2299,87,671
2173,2728,87,672
2451,2859,87,673
2497,2643,87,674
2653,2038,87,675
2663,2909,87,676
2858,2126,87,677
2871,2133,87,678
3144,3502,87,679
3308,3161,87,680
3372,3591,87,681
3373,3406,87,682
3392,3595,87,683
3402,3190,87,684
3530,3458,87,685
3559,3770,87,686
3692,3714,87,687
3752,3845,87,688
3839,2390,87,689
3870,2421,87,690
10,392,86,691
46,137,86,692
102,676,86,693
146,433,86,694
234,176,86,695
460,247,86,696
514,117,86,697
547,125,86,698
647,576,86,699
698,588,86,700
844,333,86,701
963,852,86,702
1194,1252,86,703
1347,1508,86,704
1450,1338,86,705
1664,1382,86,706
1705,1820,86,707
1798,1152,86,708
1867,1662,86,709
1989,2462,86,710
2196,2743,86,711
2281,2533,86,712
2417,2599,86,713
2495,2879,86,714
2628,2896,86,715
2703,2064,86,716
2758,2942,86,717
2804,2104,86,718
2837,3009,86,719
3059,3278,86,720
3420,3605,86,721
3437,3611,86,722
3563,3772,86,723
3663,3685,86,724
3724,3817,86,725
3739,3832,86,726
3800,3893,86,727
38,7,85,728
86,669,85,729
149,153,85,730
302,74,85,731
313,76,85,732
328,490,85,733
433,102,85,734
448,243,85,735
452,110,85,736
473,753,85,737
537,276,85,738
579,290,85,739
663,788,85,740
711,311,85,741
797,615,85,742
840,629,85,743
854,336,85,744
933,1009,85,745
999,373,85,746
1165,1461,85,747
1300,1298,85,748
1323,1500,85,749
1392,1734,85,750
1410,1083,85,751
1428,1086,85,752
1448,1337,85,753
1484,1751,85,754
1617,1599,85,755
1686,1388,85,756
1714,1823,85,757
1820,1858,85,758
1983,2459,85,759
2040,1901,85,760
2311,2790,85,761
2537,2661,85,762
2755,2941,85,763
2772,2987,85,764
2824,2112,85,765
2835,2116,85,766
3043,3101,85,767
3047,3103,85,768
3182,3523,85,769
3218,3136,85,770
3232,3140,85,771
3314,3163,85,772
3479,3217,85,773
3558,3470,85,774
3577,3478,85,775
3696,3718,85,776
3705,3727,85,777
3784,3877,85,778
3817,2368,85,779
284,480,84,780
340,213,84,781
440,744,84,782
482,521,84,783
510,530,84,784
527,121,84,785
530,537,84,786
597,774,84,787
625,305,84,788
665,790,84,789
691,934,84,790
700,937,84,791
781,816,84,792
865,989,84,793
1015,863,84,794
1036,1026,84,795
1121,890,84,796
1350,1509,84,797
1358,1721,84,798
1395,1322,84,799
1492,1561,84,800
1631,1121,84,801
1976,2239,84,802
1995,2465,84,803
1999,2467,84,804
2061,1910,84,805
2080,1921,84,806
2139,2323,84,807
2195,2349,84,808
2222,2501,84,809
2402,2836,84,810
2491,2877,84,811
2509,2649,84,812
2545,2665,84,813
2622,2029,84,814
2914,3237,84,815
2920,3239,84,816
2973,2159,84,817
3017,3088,84,818
3497,3223,84,819
3622,3802,84,820
3679,3701,84,821
3744,3837,84,822
3750,3843,84,823
80,664,83,824
81,665,83,825
269,65,83,826
370,90,83,827
375,225,83,828
413,234,83,829
722,595,83,830
759,811,83,831
917,1168,83,832
924,1007,83,833
942,1177,83,834
990,372,83,835
1051,869,83,836
1104,1437,83,837
1221,1268,83,838
1274,1703,83,839
1297,1710,83,840
1418,1532,83,841
1552,1103,83,842
1558,1354,83,843
1582,1106,83,844
1598,1593,83,845
1692,1137,83,846
1977,2457,83,847
2008,2472,83,848
2109,2298,83,849
2158,2723,83,850
2179,2734,83,851
2387,2829,83,852
2421,2601,83,853
2501,2645,83,854
2524,2656,83,855
2675,2914,83,856
2780,2949,83,857
2944,3250,83,858
2966,2157,83,859
3214,3535,83,860
3239,3544,83,861
3264,3147,83,862
3316,3386,83,863
3343,3581,83,864
3389,3413,83,865
3398,3597,83,866
3481,3437,83,867
3568,3775,83,868
3682,3704,83,869
3706,3728,83,870
3759,3852,83,871
3845,2396,83,872
3866,2417,83,873
4,389,82,874
12,393,82,875
132,685,82,876
186,448,82,877
265,190,82,878
668,920,82,879
685,798,82,880
749,318,82,881
770,325,82,882
1020,1204,82,883
1438,1537,82,884
1536,1772,82,885
1648,1799,82,886
1804,1155,82,887
1887,1953,82,888
1967,2236,82,889
2036,2261,82,890
2068,2277,82,891
2095,2290,82,892
2152,2720,82,893
2210,2489,82,894
2230,2507,82,895
2249,2761,82,896
2251,2762,82,897
2475,2631,82,898
2522,2886,82,899
2573,2006,82,900
2592,2016,82,901
2661,2908,82,902
2676,2048,82,903
2707,2927,82,904
2717,2070,82,905
2797,2954,82,906
2872,3025,82,907
2883,3030,82,908
3036,2180,82,909
3045,3102,82,910
3096,3291,82,911
3106,3298,82,912
3112,3303,82,913
3123,3491,82,914
3128,3494,82,915
3388,3593,82,916
3440,3612,82,917
3464,3621,82,918
3472,3625,82,919
3569,3475,82,920
3609,3795,82,921
3629,3658,82,922
3708,3730,82,923
3736,3829,82,924
3846,2397,82,925
3872,2423,82,926
41,136,81,927
66,16,81,928
97,418,81,929
170,442,81,930
235,463,81,931
236,177,81,932
237,464,81,933
249,181,81,934
349,713,81,935
670,921,81,936
751,810,81,937
856,337,81,938
938,1176,81,939
1045,1215,81,940
1246,1282,81,941
1290,1708,81,942
1303,1299,81,943
1345,1070,81,944
1352,1072,81,945
1562,1781,81,946
1684,1135,81,947
1735,1400,81,948
1856,1656,81,949
1928,1968,81,950
2065,1912,81,951
2122,2309,81,952
2189,2739,81,953
2194,2742,81,954
2346,2564,81,955
2384,2582,81,956
2409,2595,81,957
2489,2876,81,958
2503,2646,81,959
2530,2658,81,960
2655,2706,81,961
2715,2069,81,962
2863,3021,81,963
2932,3245,81,964
3024,3092,81,965
3070,3112,81,966
3163,3512,81,967
3202,3343,81,968
3247,3361,81,969
3409,3601,81,970
3529,3753,81,971
3613,3797,81,972
3651,3673,81,973
3798,3891,81,974
3807,3900,81,975
3809,2360,81,976
3848,2399,81,977
3873,2424,81,978
47,658,80,979
202,169,80,980
412,510,80,981
610,300,80,982
655,581,80,983
846,833,80,984
853,986,80,985
891,844,80,986
893,996,80,987
934,357,80,988
1098,1043,80,989
1141,1231,80,990
1230,1273,80,991
1338,1505,80,992
1467,1743,80,993
1496,1092,80,994
1553,1580,80,995
1591,1591,80,996
1610,1114,80,997
1738,1829,80,998
1750,1831,80,999
1778,1634,80,1000
1805,1852,80,1001
1807,1853,80,1002
1838,1950,80,1003
1852,1652,80,1004
1868,2199,80,1005
2191,2740,80,1006
2287,2536,80,1007
2306,2786,80,1008
2410,2840,80,1009
2485,2636,80,1010
2557,1996,80,1011
2714,2929,80,1012
2963,3061,80,1013
3109,3301,80,1014
3168,3516,80,1015
3335,3167,80,1016
3390,3594,80,1017
3501,3225,80,1018
3512,3743,80,1019
3543,3761,80,1020
3597,3788,80,1021
3640,3663,80,1022
3654,3676,80,1023
3810,2361,80,1024
56,661,79,1025
136,32,79,1026
210,701,79,1027
250,60,79,1028
258,64,79,1029
322,710,79,1030
389,725,79,1031
392,229,79,1032
436,742,79,1033
449,109,79,1034
550,543,79,1035
644,575,79,1036
828,626,79,1037
834,627,79,1038
873,339,79,1039
916,1005,79,1040
1052,1219,79,1041
1115,1046,79,1042
1143,1232,79,1043
1151,1456,79,1044
1166,1241,79,1045
1217,1266,79,1046
1356,1313,79,1047
1698,1817,79,1048
1780,1414,79,1049
1883,2204,79,1050
2018,2255,79,1051
2132,2316,79,1052
2164,2335,79,1053
2218,2497,79,1054
2309,2788,79,1055
2419,2845,79,1056
2433,2851,79,1057
2549,1989,79,1058
2826,3005,79,1059
2916,3042,79,1060
2942,3249,79,1061
3078,3285,79,1062
3090,3120,79,1063
3116,3305,79,1064
3222,3350,79,1065
3245,3547,79,1066
3375,3407,79,1067
3584,3481,79,1068
3637,3811,79,1069
3686,3708,79,1070
3709,3731,79,1071
3760,3853,79,1072
3813,2364,79,1073
37,403,78,1074
297,198,78,1075
384,499,78,1076
391,727,78,1077
396,729,78,1078
500,265,78,1079
573,552,78,1080
658,584,78,1081
675,925,78,1082
680,928,78,1083
683,797,78,1084
686,931,78,1085
768,324,78,1086
845,985,78,1087
880,642,78,1088
1004,375,78,1089
1034,1211,78,1090
1244,1281,78,1091
1544,1775,78,1092
1733,1620,78,1093
1773,1840,78,1094
1781,1843,78,1095
1792,1846,78,1096
1840,1951,78,1097
1848,1648,78,1098
1860,2194,78,1099
2120,2307,78,1100
2205,2355,78,1101
2212,2491,78,1102
2413,2597,78,1103
2529,1979,78,1104
2666,2910,78,1105
2745,2082,78,1106
2792,2100,78,1107
3071,2188,78,1108
3154,3324,78,1109
3322,3388,78,1110
3338,3168,78,1111
3405,3191,78,1112
3474,3215,78,1113
3502,3443,78,1114
3514,3451,78,1115
3537,3461,78,1116
3764,3857,78,1117
3802,3895,78,1118
158,156,77,1119
495,262,77,1120
568,768,77,1121
593,559,77,1122
657,583,77,1123
725,596,77,1124
735,314,77,1125
1031,384,77,1126
1062,874,77,1127
1117,889,77,1128
1128,1049,77,1129
1161,1239,77,1130
1417,1325,77,1131
1447,1542,77,1132
1563,1582,77,1133
1581,1587,77,1134
1627,1118,77,1135
1682,1812,77,1136
1765,1838,77,1137
1842,1644,77,1138
1847,1647,77,1139
1891,1955,77,1140
1896,1870,77,1141
1910,2213,77,1142
1985,2242,77,1143
2159,2332,77,1144
2163,2334,77,1145
2226,2504,77,1146
2422,2846,77,1147
2453,2619,77,1148
2520,1976,77,1149
2540,1983,77,1150
2584,2677,77,1151
2774,2947,77,1152
2866,3022,77,1153
3097,3124,77,1154
3302,3159,77,1155
3311,3162,77,1156
3352,3584,77,1157
3627,3805,77,1158
3633,3660,77,1159
3644,3666,77,1160
3662,3684,77,1161
3766,3859,77,1162
3806,3899,77,1163
3829,2380,77,1164
67,408,76,1165
84,668,76,1166
141,432,76,1167
142,150,76,1168
168,41,76,1169
270,192,76,1170
273,475,76,1171
382,95,76,1172
516,533,76,1173
524,120,76,1174
637,572,76,1175
838,831,76,1176
927,355,76,1177
932,1174,76,1178
983,856,76,1179
995,1020,76,1180
1027,383,76,1181
1079,880,76,1182
1106,1044,76,1183
1114,1441,76,1184
1176,1245,76,1185
1308,1495,76,1186
1406,1525,76,1187
1516,1569,76,1188
1548,1102,76,1189
1724,1143,76,1190
1786,1844,76,1191
1803,1851,76,1192
1815,1856,76,1193
2014,2475,76,1194
2041,1902,76,1195
2042,2262,76,1196
2167,2338,76,1197
2187,2738,76,1198
2329,2801,76,1199
2337,2805,76,1200
2463,2624,76,1201
2527,2657,76,1202
2935,3246,76,1203
2936,3051,76,1204
2972,3065,76,1205
3091,3121,76,1206
3187,3127,76,1207
3383,3411,76,1208
3404,3599,76,1209
3410,3193,76,1210
3494,3222,76,1211
3761,3854,76,1212
3851,2402,76,1213
3900,2451,76,1214
502,112,75,1215
503,267,75,1216
748,956,75,1217
807,974,75,1218
1082,881,75,1219
1234,1687,75,1220
1247,1693,75,1221
1315,1063,75,1222
1348,1071,75,1223
1367,1316,75,1224
1411,1528,75,1225
1412,1529,75,1226
1488,1559,75,1227
1497,1563,75,1228
1528,1770,75,1229
1543,1577,75,1230
1594,1365,75,1231
1608,1370,75,1232
1722,1826,75,1233
1760,1836,75,1234
1793,1419,75,1235
1794,1420,75,1236
2178,2733,75,1237
2229,2506,75,1238
2358,2570,75,1239
2460,2863,75,1240
2461,2623,75,1241
2469,2867,75,1242
2494,2641,75,1243
2566,2669,75,1244
2605,2688,75,1245
2815,2108,75,1246
3081,2191,75,1247
3110,3485,75,1248
3133,3313,75,1249
3293,3379,75,1250
3463,3620,75,1251
3576,3780,75,1252
3601,3790,75,1253
3641,3813,75,1254
60,406,74,1255
73,413,74,1256
110,679,74,1257
185,447,74,1258
187,163,74,1259
381,227,74,1260
453,748,74,1261
488,259,74,1262
566,547,74,1263
600,297,74,1264
631,912,74,1265
746,955,74,1266
758,320,74,1267
944,360,74,1268
1040,1213,74,1269
1080,1039,74,1270
1272,1481,74,1271
1273,1294,74,1272
1413,1323,74,1273
1426,1536,74,1274
1953,2228,74,1275
1981,1892,74,1276
2056,1908,74,1277
2073,1916,74,1278
2334,2556,74,1279
2716,2971,74,1280
2889,3032,74,1281
2904,3234,74,1282
2928,3243,74,1283
2929,3048,74,1284
2954,3059,74,1285
2957,2155,74,1286
2991,3267,74,1287
3012,2169,74,1288
3165,3514,74,1289
3186,3525,74,1290
3219,3349,74,1291
3246,3360,74,1292
3266,3551,74,1293
3334,3393,74,1294
3635,3661,74,1295
3758,3851,74,1296
3841,2392,74,1297
13,3,73,1298
99,419,73,1299
175,159,73,1300
238,57,73,1301
301,200,73,1302
308,484,73,1303
311,485,73,1304
426,97,73,1305
480,254,73,1306
948,849,73,1307
961,1185,73,1308
1006,860,73,1309
1146,1234,73,1310
1233,1275,73,1311
1240,1690,73,1312
1288,1487,73,1313
1391,1519,73,1314
1394,1520,73,1315
1420,1326,73,1316
1533,1100,73,1317
1665,1132,73,1318
1799,1849,73,1319
1916,1671,73,1320
1927,1673,73,1321
2010,2473,73,1322
2118,2305,73,1323
2221,2500,73,1324
2256,2517,73,1325
2295,2540,73,1326
2322,2797,73,1327
2368,2819,73,1328
2435,2852,73,1329
2614,2892,73,1330
2619,2028,73,1331
2686,2919,73,1332
2840,3010,73,1333
2908,2146,73,1334
2986,3070,73,1335
3015,3087,73,1336
3107,3299,73,1337
3371,3590,73,1338
3456,3431,73,1339
3485,3631,73,1340
3490,3633,73,1341
3516,3452,73,1342
3541,3463,73,1343
3660,3682,73,1344
3735,3828,73,1345
3824,2375,73,1346
3881,2432,73,1347
3883,2434,73,1348
53,13,72,1349
266,472,72,1350
334,81,72,1351
467,752,72,1352
521,535,72,1353
531,122,72,1354
648,785,72,1355
761,321,72,1356
774,962,72,1357
787,611,72,1358
805,617,72,1359
940,847,72,1360
1178,1466,72,1361
1200,1475,72,1362
1371,1725,72,1363
1389,1077,72,1364
1402,1523,72,1365
1457,1341,72,1366
1470,1744,72,1367
1590,1590,72,1368
1676,1608,72,1369
1694,1816,72,1370
1699,1390,72,1371
1731,1619,72,1372
1879,1865,72,1373
1909,1961,72,1374
1951,2227,72,1375
1972,2455,72,1376
2001,2468,72,1377
2007,2471,72,1378
2057,2271,72,1379
2270,2526,72,1380
2373,2822,72,1381
2428,2849,72,1382
2569,2004,72,1383
2603,2687,72,1384
2678,2915,72,1385
2690,2921,72,1386
3379,3409,72,1387
3397,3188,72,1388
3467,3435,72,1389
3616,3799,72,1390
3623,3803,72,1391
3631,3659,72,1392
3691,3713,72,1393
3833,2384,72,1394
9,391,71,1395
119,427,71,1396
134,686,71,1397
286,703,71,1398
459,750,71,1399
525,759,71,1400
740,953,71,1401
897,345,71,1402
922,353,71,1403
1021,1024,71,1404
1180,1467,71,1405
1193,1472,71,1406
1215,1679,71,1407
1337,1715,71,1408
1368,1075,71,1409
1433,1088,71,1410
1547,1351,71,1411
1556,1581,71,1412
1672,1809,71,1413
1752,1832,71,1414
1922,1876,71,1415
1982,2241,71,1416
2029,2259,71,1417
2047,1905,71,1418
2058,1909,71,1419
2077,1918,71,1420
2117,2304,71,1421
2175,2730,71,1422
2204,2354,71,1423
2342,2560,71,1424
2437,2853,71,1425
2556,2666,71,1426
2767,2091,71,1427
2787,2992,71,1428
2854,2124,71,1429
2857,3018,71,1430
2881,3227,71,1431
2961,3060,71,1432
3315,3569,71,1433
3366,3402,71,1434
3391,3186,71,1435
3401,3598,71,1436
3424,3198,71,1437
3433,3424,71,1438
3488,3439,71,1439
3522,3455,71,1440
3595,3643,71,1441
3630,3807,71,1442
3647,3669,71,1443
3703,3725,71,1444
3751,3844,71,1445
3820,2371,71,1446
3828,2379,71,1447
14,648,70,1448
267,191,70,1449
288,70,70,1450
358,715,70,1451
704,590,70,1452
773,326,70,1453
824,624,70,1454
981,1192,70,1455
992,1019,70,1456
1171,899,70,1457
1214,1264,70,1458
1236,1688,70,1459
1260,1054,70,1460
1269,1701,70,1461
1482,1750,70,1462
1839,1643,70,1463
1931,1969,70,1464
2156,2722,70,1465
2192,2741,70,1466
2258,2766,70,1467
2296,2781,70,1468
2304,2785,70,1469
2305,2545,70,1470
2521,2655,70,1471
2571,2005,70,1472
2587,2014,70,1473
2621,2694,70,1474
2648,2036,70,1475
2656,2039,70,1476
2699,2924,70,1477
2700,2062,70,1478
2811,2958,70,1479
2814,3001,70,1480
2845,3012,70,1481
2875,3027,70,1482
2943,3055,70,1483
3061,3279,70,1484
3124,3309,70,1485
3178,3521,70,1486
3216,3348,70,1487
3258,3145,70,1488
3328,3575,70,1489
3330,3391,70,1490
3665,3687,70,1491
156,37,69,1492
171,443,69,1493
194,44,69,1494
333,492,69,1495
418,735,69,1496
434,741,69,1497
523,272,69,1498
551,280,69,1499
554,281,69,1500
731,598,69,1501
958,1014,69,1502
1023,381,69,1503
1044,867,69,1504
1107,1222,69,1505
1109,1223,69,1506
1160,896,69,1507
1257,1697,69,1508
1326,1501,69,1509
1339,1716,69,1510
1439,1334,69,1511
1596,1366,69,1512
1823,1859,69,1513
1849,1649,69,1514
2884,3228,69,1515
2982,2162,69,1516
3060,3109,69,1517
3069,3282,69,1518
3084,2192,69,1519
3172,3518,69,1520
3450,3429,69,1521
3536,3757,69,1522
3560,3471,69,1523
3796,3889,69,1524
3868,2419,69,1525
35,654,68,1526
52,12,68,1527
78,662,68,1528
164,158,68,1529
173,691,68,1530
255,62,68,1531
321,488,68,1532
348,495,68,1533
359,222,68,1534
419,237,68,1535
592,772,68,1536
613,906,68,1537
642,574,68,1538
649,577,68,1539
850,632,68,1540
851,834,68,1541
888,995,68,1542
913,1004,68,1543
915,351,68,1544
928,1173,68,1545
968,1187,68,1546
1155,1237,68,1547
1186,902,68,1548
1203,1256,68,1549
1237,1277,68,1550
1248,1283,68,1551
1268,1292,68,1552
1386,1517,68,1553
1580,1360,68,1554
1697,1613,68,1555
1808,1936,68,1556
1886,2206,68,1557
2102,2294,68,1558
2124,2311,68,1559
2168,2339,68,1560
2332,2555,68,1561
2436,2609,68,1562
2589,2680,68,1563
2600,2020,68,1564
2608,2024,68,1565
2641,2701,68,1566
2670,2045,68,1567
2694,2923,68,1568
2728,2976,68,1569
2827,2113,68,1570
2850,2122,68,1571
2867,2131,68,1572
2910,3236,68,1573
2970,2158,68,1574
2983,3264,68,1575
3140,3316,68,1576
3208,3533,68,1577
3212,3134,68,1578
3400,3416,68,1579
3408,3192,68,1580
3602,3647,68,1581
3643,3665,68,1582
3757,3850,68,1583
3838,2389,68,1584
5,130,67,1585
27,399,67,1586
138,33,67,1587
176,444,67,1588
191,696,67,1589
193,164,67,1590
225,173,67,1591
429,99,67,1592
435,103,67,1593
445,108,67,1594
466,516,67,1595
640,915,67,1596
756,319,67,1597
793,969,67,1598
800,972,67,1599
1207,1258,67,1600
1252,1695,67,1601
1267,1700,67,1602
1278,1483,67,1603
1363,1315,67,1604
1603,1113,67,1605
1609,1371,67,1606
1638,1124,67,1607
1667,1807,67,1608
1725,1398,67,1609
1810,1854,67,1610
1904,1959,67,1611
1932,2219,67,1612
1964,2453,67,1613
2074,2280,67,1614
2114,1934,67,1615
2190,2347,67,1616
2208,2358,67,1617
2363,2816,67,1618
2389,2830,67,1619
2627,2031,67,1620
2642,2901,67,1621
2688,2920,67,1622
2803,2956,67,1623
2890,3230,67,1624
2923,3045,67,1625
3083,3287,67,1626
3143,3318,67,1627
3197,3529,67,1628
3242,3358,67,1629
3326,3574,67,1630
3458,3211,67,1631
3460,3619,67,1632
3586,3482,67,1633
3606,3649,67,1634
3626,3657,67,1635
29,401,66,1636
68,409,66,1637
94,674,66,1638
275,476,66,1639
293,705,66,1640
443,745,66,1641
462,248,66,1642
732,599,66,1643
798,971,66,1644
1033,1025,66,1645
1057,871,66,1646
1334,1503,66,1647
1397,1521,66,1648
1423,1535,66,1649
1572,1358,66,1650
1601,1112,66,1651
1743,1149,66,1652
1811,1158,66,1653
1859,1659,66,1654
1941,2223,66,1655
1965,2235,66,1656
1988,2243,66,1657
2004,2249,66,1658
2198,2745,66,1659
2235,2751,66,1660
2294,2780,66,1661
2401,2591,66,1662
2555,1995,66,1663
2682,2917,66,1664
2723,2073,66,1665
2902,2144,66,1666
3085,3117,66,1667
3176,3520,66,1668
3215,3135,66,1669
3233,3354,66,1670
3234,3542,66,1671
3271,3553,66,1672
3303,3382,66,1673
3317,3164,66,1674
3340,3580,66,1675
3505,3638,66,1676
3562,3472,66,1677
3583,3784,66,1678
3650,3672,66,1679
3676,3698,66,1680
3680,3702,66,1681
3816,2367,66,1682
3830,2381,66,1683
3882,2433,66,1684
15,394,65,1685
19,396,65,1686
31,134,65,1687
195,165,65,1688
229,461,65,1689
461,514,65,1690
505,113,65,1691
602,562,65,1692
646,784,65,1693
1064,875,65,1694
1074,878,65,1695
1432,1331,65,1696
1442,1539,65,1697
1623,1377,65,1698
1628,1119,65,1699
1657,1130,65,1700
1824,1640,65,1701
1944,2224,65,1702
2169,2340,65,1703
2366,2818,65,1704
2446,2615,65,1705
2567,2003,65,1706
2595,2683,65,1707
2722,2974,65,1708
2828,3006,65,1709
2847,3013,65,1710
2851,3015,65,1711
3127,3493,65,1712
3157,3508,65,1713
3257,3367,65,1714
3369,3404,65,1715
3461,3212,65,1716
3499,3224,65,1717
3573,3778,65,1718
3599,3789,65,1719
3653,3675,65,1720
3681,3703,65,1721
3684,3706,65,1722
3728,3821,65,1723
3797,3890,65,1724
3894,2445,65,1725
3896,2447,65,1726
8,2,64,1727
125,429,64,1728
129,148,64,1729
242,58,64,1730
317,206,64,1731
344,216,64,1732
561,545,64,1733
570,549,64,1734
661,918,64,1735
778,963,64,1736
847,334,64,1737
912,1166,64,1738
925,354,64,1739
962,363,64,1740
965,1186,64,1741
1100,1435,64,1742
1103,1221,64,1743
1137,1051,64,1744
1150,893,64,1745
1210,1260,64,1746
1280,1057,64,1747
1291,1295,64,1748
1549,1777,64,1749
1611,1372,64,1750
1658,1380,64,1751
1681,1386,64,1752
1726,1618,64,1753
1768,1629,64,1754
1841,1861,64,1755
1881,1667,64,1756
1911,1873,64,1757
1949,2226,64,1758
1960,2233,64,1759
2193,2348,64,1760
2239,2753,64,1761
2572,2672,64,1762
2638,2900,64,1763
2677,2049,64,1764
2701,2925,64,1765
2790,2993,64,1766
2900,3036,64,1767
2937,3052,64,1768
3018,3089,64,1769
3037,3099,64,1770
3167,3328,64,1771
3281,3152,64,1772
3436,3425,64,1773
3768,3861,64,1774
3777,3870,64,1775
3793,3886,64,1776
3801,3894,64,1777
3811,2362,64,1778
3840,2391,64,1779
201,698,63,1780
264,471,63,1781
318,487,63,1782
352,497,63,1783
362,716,63,1784
401,506,63,1785
678,927,63,1786
721,944,63,1787
745,601,63,1788
780,964,63,1789
821,623,63,1790
842,832,63,1791
874,991,63,1792
1050,1218,63,1793
1198,1474,63,1794
1324,1305,63,1795
1414,1530,63,1796
1431,1330,63,1797
1472,1745,63,1798
1520,1570,63,1799
1604,1368,63,1800
1685,1813,63,1801
1850,1650,63,1802
1998,2466,63,1803
2045,1904,63,1804
2082,1923,63,1805
2084,1925,63,1806
2089,2285,63,1807
2119,2306,63,1808
2149,2327,63,1809
2157,2331,63,1810
2248,2513,63,1811
2312,2791,63,1812
2319,2549,63,1813
2369,2575,63,1814
2377,2824,63,1815
2607,2689,63,1816
2651,2037,63,1817
2698,2061,63,1818
2702,2063,63,1819
2761,2943,63,1820
2777,2948,63,1821
2782,2096,63,1822
2996,3074,63,1823
3027,3094,63,1824
3032,3097,63,1825
3041,2182,63,1826
3086,3288,63,1827
3226,3539,63,1828
3496,3441,63,1829
3506,3445,63,1830
3570,3776,63,1831
3787,3880,63,1832
3825,2376,63,1833
98,22,62,1834
105,678,62,1835
335,493,62,1836
374,721,62,1837
378,94,62,1838
464,515,62,1839
572,551,62,1840
577,289,62,1841
605,563,62,1842
651,786,62,1843
779,815,62,1844
830,829,62,1845
832,983,62,1846
923,1171,62,1847
929,1008,62,1848
1017,379,62,1849
1032,1210,62,1850
1213,1263,62,1851
1311,1062,62,1852
1415,1324,62,1853
1430,1087,62,1854
1560,1780,62,1855
1589,1108,62,1856
1635,1123,62,1857
1663,1806,62,1858
1688,1814,62,1859
1710,1616,62,1860
1862,2196,62,1861
1882,1866,62,1862
1930,1674,62,1863
1937,2221,62,1864
1938,1878,62,1865
2147,2718,62,1866
2228,2748,62,1867
2275,2530,62,1868
2288,2777,62,1869
2343,2561,62,1870
2345,2563,62,1871
2349,2809,62,1872
2381,2826,62,1873
2448,2616,62,1874
2712,2970,62,1875
3146,3503,62,1876
3319,3387,62,1877
3484,3438,62,1878
3690,3712,62,1879
3710,3732,62,1880
3842,2393,62,1881
251,182,61,1882
304,201,61,1883
345,217,61,1884
390,726,61,1885
556,282,61,1886
802,973,61,1887
951,850,61,1888
1008,1202,61,1889
1084,882,61,1890
1202,1476,61,1891
1245,1692,61,1892
1270,1293,61,1893
1281,1484,61,1894
1403,1737,61,1895
1437,1090,61,1896
1460,1739,61,1897
1570,1357,61,1898
1599,1111,61,1899
1614,1373,61,1900
1757,1408,61,1901
1812,1855,61,1902
2025,1896,61,1903
2242,2755,61,1904
2403,2592,61,1905
2500,2881,61,1906
3092,3289,61,1907
3249,3363,61,1908
3324,3389,61,1909
3368,3403,61,1910
3542,3760,61,1911
3588,3483,61,1912
3683,3705,61,1913
3763,3856,61,1914
104,677,60,1915
166,40,60,1916
198,166,60,1917
336,712,60,1918
518,534,60,1919
591,558,60,1920
611,777,60,1921
622,304,60,1922
673,923,60,1923
701,589,60,1924
862,635,60,1925
906,1002,60,1926
967,853,60,1927
994,858,60,1928
1075,1424,60,1929
1097,1434,60,1930
1157,895,60,1931
1181,1247,60,1932
1294,1296,60,1933
1436,1333,60,1934
1730,1827,60,1935
1813,1937,60,1936
1869,1862,60,1937
1961,2452,60,1938
2017,2477,60,1939
2313,2792,60,1940
2321,2550,60,1941
2496,2642,60,1942
2687,2054,60,1943
2834,3008,60,1944
2856,2125,60,1945
2873,3026,60,1946
2934,3050,60,1947
2956,3254,60,1948
2992,2164,60,1949
3039,3270,60,1950
3103,3295,60,1951
3114,3304,60,1952
3355,3399,60,1953
3417,3421,60,1954
3520,3454,60,1955
3566,3774,60,1956
3575,3779,60,1957
3612,3651,60,1958
3661,3683,60,1959
3700,3722,60,1960
3756,3849,60,1961
3814,2365,60,1962
3832,2383,60,1963
36,655,59,1964
109,423,59,1965
121,682,59,1966
153,689,59,1967
220,52,59,1968
501,266,59,1969
582,554,59,1970
627,306,59,1971
808,823,59,1972
858,338,59,1973
864,636,59,1974
898,346,59,1975
903,349,59,1976
910,1003,59,1977
1022,865,59,1978
1028,1207,59,1979
1307,1711,59,1980
1349,1311,59,1981
1398,1079,59,1982
1399,1522,59,1983
1405,1081,59,1984
1422,1534,59,1985
1624,1602,59,1986
1639,1793,59,1987
1745,1402,59,1988
1907,1670,59,1989
1912,1962,59,1990
2241,2754,59,1991
2247,2760,59,1992
2269,2525,59,1993
2465,2625,59,1994
2634,2898,59,1995
2749,2084,59,1996
2948,3057,59,1997
2964,3062,59,1998
2975,3066,59,1999
3028,3095,59,2000
3184,3524,59,2001
3204,3132,59,2002
3244,3359,59,2003
3344,3170,59,2004
3399,3189,59,2005
3422,3197,59,2006
3546,3465,59,2007
3553,3767,59,2008
3642,3664,59,2009
3742,3835,59,2010
3887,2438,59,2011
22,133,58,2012
65,143,58,2013
310,75,58,2014
424,737,58,2015
615,565,58,2016
754,603,58,2017
1177,900,58,2018
1293,1709,58,2019
1441,1091,58,2020
1502,1760,58,2021
1622,1116,58,2022
1633,1122,58,2023
1646,1127,58,2024
1650,1801,58,2025
1677,1384,58,2026
1678,1609,58,2027
1716,1394,58,2028
1744,1624,58,2029
1764,1409,58,2030
1863,2197,58,2031
1892,1869,58,2032
1956,1884,58,2033
2039,2487,58,2034
2207,2357,58,2035
2299,2542,58,2036
2427,2604,58,2037
2476,2870,58,2038
2483,2635,58,2039
2507,2648,58,2040
2544,1985,58,2041
2892,3033,58,2042
2903,3037,58,2043
2926,3242,58,2044
2949,2152,58,2045
2976,2160,58,2046
3111,3302,58,2047
3175,3332,58,2048
3255,3366,58,2049
3419,3196,58,2050
3482,3218,58,2051
3507,3446,58,2052
3509,3448,58,2053
3607,3793,58,2054
3712,3734,58,2055
3743,3836,58,2056
3754,3847,58,2057
357,221,57,2058
377,722,57,2059
408,733,57,2060
490,260,57,2061
492,261,57,2062
587,556,57,2063
645,783,57,2064
806,618,57,2065
833,830,57,2066
887,644,57,2067
1132,1448,57,2068
1156,1458,57,2069
1227,1684,57,2070
1228,1272,57,2071
1483,1557,57,2072
1652,1802,57,2073
1779,1842,57,2074
1821,1940,57,2075
1974,1890,57,2076
1978,1891,57,2077
2111,2300,57,2078
2143,2714,57,2079
2292,2779,57,2080
2316,2794,57,2081
2498,2880,57,2082
2637,2699,57,2083
2765,2090,57,2084
2846,2120,57,2085
2865,2130,57,2086
2917,3238,57,2087
3056,3107,57,2088
3066,3281,57,2089
3155,3507,57,2090
3327,3390,57,2091
3332,3392,57,2092
3578,3781,57,2093
3579,3479,57,2094
3610,3650,57,2095
3628,3806,57,2096
3749,3842,57,2097
3769,3862,57,2098
3856,2407,57,2099
3874,2425,57,2100
3879,2430,57,2101
122,28,56,2102
214,454,56,2103
260,187,56,2104
280,478,56,2105
400,730,56,2106
616,907,56,2107
626,910,56,2108
634,913,56,2109
728,807,56,2110
771,813,56,2111
909,1164,56,2112
937,358,56,2113
985,1193,56,2114
1201,1255,56,2115
1204,1477,56,2116
1242,1280,56,2117
1285,1486,56,2118
1327,1306,56,2119
1455,1340,56,2120
1464,1344,56,2121
1500,1759,56,2122
1513,1765,56,2123
1683,1387,56,2124
1787,1417,56,2125
1895,1956,56,2126
1933,1675,56,2127
2067,1913,56,2128
2069,2278,56,2129
2079,1920,56,2130
2264,2521,56,2131
2303,2544,56,2132
2331,2802,56,2133
2397,2834,56,2134
2411,2596,56,2135
2462,2864,56,2136
2505,2647,56,2137
2689,2055,56,2138
2737,2979,56,2139
2895,3034,56,2140
3052,3105,56,2141
3079,3115,56,2142
3170,3517,56,2143
3228,3540,56,2144
3313,3568,56,2145
3384,3184,56,2146
3386,3412,56,2147
3434,3609,56,2148
3471,3214,56,2149
3582,3480,56,2150
3699,3721,56,2151
3715,3737,56,2152
3899,2450,56,2153
62,407,55,2154
82,666,55,2155
95,417,55,2156
154,154,55,2157
212,49,55,2158
320,207,55,2159
689,800,55,2160
786,966,55,2161
788,967,55,2162
926,1172,55,2163
988,1194,55,2164
1136,1229,55,2165
1329,1502,55,2166
1443,1540,55,2167
1469,1550,55,2168
1495,1757,55,2169
1668,1383,55,2170
1818,1857,55,2171
1832,1160,55,2172
2037,2486,55,2173
2137,2321,55,2174
2148,2326,55,2175
2450,2617,55,2176
2471,2868,55,2177
2610,2891,55,2178
2635,2034,55,2179
2778,2989,55,2180
2849,3014,55,2181
2998,3075,55,2182
3004,2166,55,2183
3044,3272,55,2184
3241,3545,55,2185
3277,3555,55,2186
3291,3155,55,2187
3358,3400,55,2188
3365,3589,55,2189
3508,3447,55,2190
3625,3804,55,2191
3678,3700,55,2192
3685,3707,55,2193
3858,2409,55,2194
6,647,54,2195
106,421,54,2196
209,48,54,2197
245,59,54,2198
475,754,54,2199
477,520,54,2200
504,268,54,2201
507,114,54,2202
552,126,54,2203
589,771,54,2204
783,610,54,2205
1054,870,54,2206
1102,887,54,2207
1302,1492,54,2208
1314,1302,54,2209
1354,1510,54,2210
1519,1767,54,2211
1539,1349,54,2212
1619,1600,54,2213
1630,1378,54,2214
1729,1145,54,2215
1901,1958,54,2216
1952,1883,54,2217
2127,2710,54,2218
2429,2605,54,2219
2458,2862,54,2220
2650,2705,54,2221
3026,3093,54,2222
3074,2189,54,2223
3159,3509,54,2224
3171,3330,54,2225
3439,3426,54,2226
3478,3628,54,2227
3540,3759,54,2228
3677,3699,54,2229
3782,3875,54,2230
3,1,53,2231
64,15,53,2232
93,673,53,2233
197,45,53,2234
263,189,53,2235
319,78,53,2236
365,88,53,2237
386,724,53,2238
457,246,53,2239
486,258,53,2240
606,776,53,2241
607,299,53,2242
755,959,53,2243
984,1018,53,2244
1068,1421,53,2245
1197,1052,53,2246
1224,1270,53,2247
1377,1728,53,2248
1651,1128,53,2249
1709,1140,53,2250
1711,1822,53,2251
1758,1834,53,2252
1795,1847,53,2253
1806,1156,53,2254
1817,1938,53,2255
1830,1944,53,2256
1843,1952,53,2257
1876,1665,53,2258
1963,1886,53,2259
2161,2333,53,2260
2233,2750,53,2261
2250,2514,53,2262
2267,2523,53,2263
2393,2832,53,2264
2399,2590,53,2265
2585,2013,53,2266
2654,2906,53,2267
2724,2930,53,2268
2729,2075,53,2269
2748,2939,53,2270
2808,2999,53,2271
2823,3004,53,2272
3030,3096,53,2273
3082,3116,53,2274
3387,3185,53,2275
3403,3417,53,2276
3521,3748,53,2277
3527,3457,53,2278
3548,3466,53,2279
3585,3785,53,2280
3695,3717,53,2281
54,660,52,2282
150,435,52,2283
183,694,52,2284
240,465,52,2285
494,527,52,2286
511,271,52,2287
650,578,52,2288
715,312,52,2289
907,1162,52,2290
1042,1214,52,2291
1065,1034,52,2292
1139,1230,52,2293
1218,1680,52,2294
1299,1491,52,2295
1444,1335,52,2296
1761,1837,52,2297
1889,1868,52,2298
2103,1931,52,2299
2154,2721,52,2300
2237,2752,52,2301
2255,2764,52,2302
2278,2772,52,2303
2324,2551,52,2304
2543,2664,52,2305
2632,2698,52,2306
2665,2043,52,2307
2736,2934,52,2308
2784,2097,52,2309
2869,2132,52,2310
2977,3262,52,2311
3131,3312,52,2312
3206,3532,52,2313
3276,3374,52,2314
3299,3381,52,2315
3307,3566,52,2316
3353,3173,52,2317
3354,3585,52,2318
3359,3175,52,2319
3367,3178,52,2320
3416,3195,52,2321
3446,3207,52,2322
3552,3766,52,2323
3648,3670,52,2324
3753,3846,52,2325
55,14,51,2326
69,410,51,2327
96,21,51,2328
246,468,51,2329
423,240,51,2330
474,252,51,2331
515,532,51,2332
575,287,51,2333
664,789,51,2334
696,936,51,2335
738,952,51,2336
782,965,51,2337
794,614,51,2338
827,828,51,2339
839,331,51,2340
852,633,51,2341
1010,377,51,2342
1014,1022,51,2343
1069,877,51,2344
1124,891,51,2345
1127,1446,51,2346
1153,894,51,2347
1169,1242,51,2348
1366,1723,51,2349
1453,1339,51,2350
1456,1547,51,2351
1465,1742,51,2352
1782,1415,51,2353
1816,1639,51,2354
1826,1641,51,2355
1874,2201,51,2356
1888,2207,51,2357
1920,1965,51,2358
2028,1897,51,2359
2129,2711,51,2360
2260,2519,51,2361
2308,2787,51,2362
2466,2626,51,2363
2472,2629,51,2364
2504,2883,51,2365
2523,1977,51,2366
2630,2032,51,2367
2659,2040,51,2368
2832,2115,51,2369
2885,2138,51,2370
2959,2156,51,2371
2968,3259,51,2372
3098,3292,51,2373
3099,3125,51,2374
3217,3536,51,2375
3265,3370,51,2376
3296,3380,51,2377
3363,3401,51,2378
3380,3182,51,2379
3418,3604,51,2380
3493,3634,51,2381
3515,3745,51,2382
3555,3768,51,2383
3605,3792,51,2384
3783,3876,51,2385
3862,2413,51,2386
162,438,50,2387
167,440,50,2388
307,709,50,2389
342,215,50,2390
539,761,50,2391
548,764,50,2392
567,548,50,2393
623,568,50,2394
629,779,50,2395
679,795,50,2396
744,954,50,2397
831,329,50,2398
900,347,50,2399
1061,1032,50,2400
1116,1225,50,2401
1148,1455,50,2402
1190,1250,50,2403
1344,1718,50,2404
1381,1076,50,2405
1390,1733,50,2406
1425,1327,50,2407
1503,1093,50,2408
1717,1824,50,2409
1766,1410,50,2410
1954,2229,50,2411
2076,1917,50,2412
2202,2352,50,2413
2307,2546,50,2414
2359,2814,50,2415
2404,2837,50,2416
2407,2839,50,2417
2518,2885,50,2418
2697,2060,50,2419
2727,2931,50,2420
2985,3265,50,2421
3013,3086,50,2422
3029,2176,50,2423
3064,3280,50,2424
3088,3118,50,2425
3094,3290,50,2426
3166,3515,50,2427
3180,3522,50,2428
3201,3342,50,2429
3297,3157,50,2430
3487,3632,50,2431
3645,3667,50,2432
3649,3671,50,2433
3697,3719,50,2434
24,5,49,2435
182,162,49,2436
458,513,49,2437
471,518,49,2438
529,760,49,2439
532,538,49,2440
692,307,49,2441
1001,1199,49,2442
1173,1464,49,2443
1256,1287,49,2444
1446,1336,49,2445
1475,1553,49,2446
1568,1784,49,2447
1655,1379,49,2448
1801,1153,49,2449
1834,1947,49,2450
1958,2232,49,2451
2051,2268,49,2452
2160,2724,49,2453
2184,2344,49,2454
2291,2538,49,2455
2398,2589,49,2456
2473,2869,49,2457
2526,1978,49,2458
2754,2086,49,2459
2771,2946,49,2460
2844,2967,49,2461
2894,3231,49,2462
2927,3047,49,2463
3025,2175,49,2464
3227,3352,49,2465
3459,3432,49,2466
3770,3863,49,2467
3804,3897,49,2468
3875,2426,49,2469
70,144,48,2470
88,19,48,2471
133,30,48,2472
295,72,48,2473
337,494,48,2474
347,218,48,2475
371,91,48,2476
422,736,48,2477
536,540,48,2478
562,767,48,2479
599,561,48,2480
772,961,48,2481
914,1167,48,2482
930,845,48,2483
1112,1440,48,2484
1205,1257,48,2485
1232,1686,48,2486
1380,1729,48,2487
1479,1555,48,2488
1507,1094,48,2489
1625,1603,48,2490
1649,1800,48,2491
1771,1631,48,2492
2070,1914,48,2493
2097,2291,48,2494
2236,2510,48,2495
2328,2553,48,2496
2378,2579,48,2497
2440,2854,48,2498
2447,2857,48,2499
2482,2873,48,2500
2506,2884,48,2501
2547,1987,48,2502
2579,2009,48,2503
2685,2053,48,2504
2709,2969,48,2505
2810,3000,48,2506
2821,2961,48,2507
2911,3040,48,2508
2952,2153,48,2509
2978,3067,48,2510
2989,2163,48,2511
3009,2168,48,2512
3135,3498,48,2513
3142,3501,48,2514
3207,3345,48,2515
3240,3357,48,2516
3260,3368,48,2517
3675,3697,48,2518
3729,3822,48,2519
145,152,47,2520
300,707,47,2521
367,89,47,2522
468,250,47,2523
584,555,47,2524
638,914,47,2525
693,935,47,2526
719,805,47,2527
861,988,47,2528
881,341,47,2529
1072,1037,47,2530
1105,888,47,2531
1123,1444,47,2532
1342,1717,47,2533
1481,1556,47,2534
1546,1776,47,2535
1720,1825,47,2536
1737,1621,47,2537
1871,2200,47,2538
2213,2492,47,2539
2224,2503,47,2540
2273,2529,47,2541
2412,2841,47,2542
2532,2659,47,2543
2564,2668,47,2544
2594,2017,47,2545
2734,2978,47,2546
2743,2081,47,2547
2864,2129,47,2548
3126,3310,47,2549
3280,3375,47,2550
3412,3602,47,2551
3457,3618,47,2552
3589,3787,47,2553
3844,2395,47,2554
3897,2448,47,2555
26,398,46,2556
63,142,46,2557
159,437,46,2558
206,700,46,2559
228,174,46,2560
262,470,46,2561
285,69,46,2562
417,512,46,2563
499,264,46,2564
545,763,46,2565
601,775,46,2566
757,604,46,2567
848,335,46,2568
905,1001,46,2569
991,1195,46,2570
1088,1040,46,2571
1283,1485,46,2572
1421,1533,46,2573
1466,1548,46,2574
1521,1097,46,2575
1588,1363,46,2576
1669,1606,46,2577
1670,1808,46,2578
1712,1393,46,2579
1739,1622,46,2580
1756,1407,46,2581
1898,2209,46,2582
2203,2353,46,2583
2283,2534,46,2584
2459,2622,46,2585
2468,2627,46,2586
2493,2878,46,2587
2693,2057,46,2588
2751,2940,46,2589
2816,2109,46,2590
3000,3077,46,2591
3067,3111,46,2592
3145,3319,46,2593
3164,3513,46,2594
3286,3377,46,2595
3356,3174,46,2596
3377,3408,46,2597
3672,3694,46,2598
3778,3871,46,2599
3871,2422,46,2600
57,404,45,2601
160,38,45,2602
190,450,45,2603
211,453,45,2604
299,199,45,2605
353,219,45,2606
388,502,45,2607
444,241,45,2608
451,747,45,2609
520,119,45,2610
528,536,45,2611
569,285,45,2612
604,904,45,2613
671,793,45,2614
775,814,45,2615
836,984,45,2616
980,1191,45,2617
1477,1554,45,2618
1526,1769,45,2619
1727,1399,45,2620
1753,1626,45,2621
1831,1945,45,2622
1866,1661,45,2623
1914,1963,45,2624
2006,2250,45,2625
2088,2284,45,2626
2093,2288,45,2627
2144,2715,45,2628
2560,1999,45,2629
2599,2685,45,2630
2684,2918,45,2631
2759,2983,45,2632
2773,2093,45,2633
2839,2966,45,2634
2842,3011,45,2635
2862,2128,45,2636
2918,2149,45,2637
2994,3268,45,2638
3051,3274,45,2639
3095,3123,45,2640
3141,3317,45,2641
3185,3337,45,2642
3203,3531,45,2643
3235,3355,45,2644
3554,3468,45,2645
3581,3783,45,2646
3594,3642,45,2647
3603,3791,45,2648
3604,3648,45,2649
3646,3668,45,2650
3657,3679,45,2651
3717,3739,45,2652
3884,2435,45,2653
312,486,44,2654
509,270,44,2655
619,303,44,2656
641,782,44,2657
669,792,44,2658
713,941,44,2659
837,628,44,2660
943,848,44,2661
977,855,44,2662
1140,1451,44,2663
1189,903,44,2664
1289,1488,44,2665
1292,1489,44,2666
1306,1494,44,2667
1449,1543,44,2668
1476,1747,44,2669
1499,1564,44,2670
1505,1761,44,2671
1554,1778,44,2672
1884,1867,44,2673
1915,1874,44,2674
1943,1677,44,2675
1968,1888,44,2676
2050,2267,44,2677
2276,2771,44,2678
2314,2793,44,2679
2335,2804,44,2680
2425,2603,44,2681
2474,2630,44,2682
2477,2632,44,2683
2517,1975,44,2684
2570,2671,44,2685
2763,2944,44,2686
2764,2984,44,2687
2843,2119,44,2688
2861,3020,44,2689
2906,3038,44,2690
3006,3082,44,2691
3148,3321,44,2692
3225,3138,44,2693
3236,3141,44,2694
3462,3433,44,2695
3538,3758,44,2696
3592,3640,44,2697
3615,3798,44,2698
3666,3688,44,2699
3714,3736,44,2700
3723,3816,44,2701
3849,2400,44,2702
3889,2440,44,2703
49,138,43,2704
74,145,43,2705
207,47,43,2706
243,179,43,2707
283,479,43,2708
316,77,43,2709
617,566,43,2710
620,908,43,2711
792,613,43,2712
973,854,43,2713
1331,1068,43,2714
1374,1318,43,2715
1454,1546,43,2716
1463,1343,43,2717
1583,1361,43,2718
1719,1395,43,2719
1741,1623,43,2720
2015,2476,43,2721
2116,1935,43,2722
2350,2566,43,2723
2383,2827,43,2724
2400,2835,43,2725
2464,2865,43,2726
2480,2872,43,2727
2514,2652,43,2728
2535,2890,43,2729
2586,2678,43,2730
2644,2902,43,2731
2786,2098,43,2732
2825,2962,43,2733
2915,2148,43,2734
2969,3064,43,2735
3309,3384,43,2736
3345,3396,43,2737
3483,3630,43,2738
3688,3710,43,2739
3781,3874,43,2740
3860,2411,43,2741
2,646,42,2742
7,390,42,2743
196,697,42,2744
239,178,42,2745
271,474,42,2746
305,483,42,2747
330,491,42,2748
455,245,42,2749
481,255,42,2750
506,269,42,2751
598,296,42,2752
666,919,42,2753
784,328,42,2754
829,982,42,2755
931,356,42,2756
1059,872,42,2757
1510,1763,42,2758
1561,1355,42,2759
1659,1805,42,2760
1788,1150,42,2761
1844,1161,42,2762
1857,1657,42,2763
2105,1932,42,2764
2238,2511,42,2765
2285,2535,42,2766
2297,2541,42,2767
2323,2798,42,2768
2364,2573,42,2769
2531,2889,42,2770
2550,1990,42,2771
2647,2704,42,2772
2739,2079,42,2773
2888,2139,42,2774
3005,3081,42,2775
3014,2170,42,2776
3153,3506,42,2777
3361,3176,42,2778
3551,3467,42,2779
3561,3771,42,2780
3565,3473,42,2781
3664,3686,42,2782
3731,3824,42,2783
3748,3841,42,2784
3773,3866,42,2785
3786,3879,42,2786
3876,2427,42,2787
91,671,41,2788
203,699,41,2789
363,87,41,2790
369,224,41,2791
469,517,41,2792
476,755,41,2793
478,253,41,2794
485,522,41,2795
595,560,41,2796
654,580,41,2797
710,803,41,2798
776,327,41,2799
901,348,41,2800
1016,1023,41,2801
1018,864,41,2802
1138,1450,41,2803
1196,1253,41,2804
1265,1699,41,2805
1271,1702,41,2806
1388,1518,41,2807
1523,1571,41,2808
1566,1583,41,2809
1605,1595,41,2810
1632,1789,41,2811
1660,1131,41,2812
1707,1615,41,2813
1713,1617,41,2814
1802,1154,41,2815
1878,1666,41,2816
1885,2205,41,2817
1950,1882,41,2818
2253,2763,41,2819
2257,2765,41,2820
2499,2644,41,2821
2578,2675,41,2822
2652,2905,41,2823
2859,3019,41,2824
2876,2135,41,2825
2990,3072,41,2826
3118,3306,41,2827
3151,3505,41,2828
3347,3171,41,2829
3349,3583,41,2830
3357,3586,41,2831
3395,3596,41,2832
3423,3606,41,2833
3468,3623,41,2834
3517,3746,41,2835
3533,3755,41,2836
3673,3695,41,2837
3726,3819,41,2838
3730,3823,41,2839
3812,2363,41,2840
25,651,40,2841
108,422,40,2842
139,431,40,2843
346,84,40,2844
403,507,40,2845
431,100,40,2846
489,524,40,2847
498,263,40,2848
538,123,40,2849
810,976,40,2850
820,979,40,2851
979,368,40,2852
986,370,40,2853
1081,1426,40,2854
1427,1328,40,2855
1486,1752,40,2856
1512,1095,40,2857
1600,1367,40,2858
1616,1374,40,2859
1642,1795,40,2860
1800,1850,40,2861
1894,1668,40,2862
2019,2478,40,2863
2038,1900,40,2864
2046,2264,40,2865
2146,2717,40,2866
2219,2498,40,2867
2284,2775,40,2868
2374,2577,40,2869
2455,2620,40,2870
2484,2874,40,2871
2486,2637,40,2872
2657,2707,40,2873
2708,2066,40,2874
2805,2998,40,2875
2829,2963,40,2876
2830,2114,40,2877
2946,2151,40,2878
2960,3256,40,2879
2984,3069,40,2880
3275,3150,40,2881
3427,3200,40,2882
3489,3220,40,2883
3567,3474,40,2884
3689,3711,40,2885
3869,2420,40,2886
11,131,39,2887
172,42,39,2888
268,473,39,2889
354,498,39,2890
414,235,39,2891
438,743,39,2892
456,749,39,2893
491,525,39,2894
553,765,39,2895
574,286,39,2896
588,294,39,2897
687,799,39,2898
707,591,39,2899
801,821,39,2900
803,822,39,2901
895,344,39,2902
959,1184,39,2903
982,369,39,2904
1043,387,39,2905
1066,876,39,2906
1185,1469,39,2907
1355,1720,39,2908
1703,1819,39,2909
1715,1141,39,2910
2021,2256,39,2911
2115,2303,39,2912
2133,2317,39,2913
2220,2499,39,2914
2289,2537,39,2915
2298,2782,39,2916
2341,2807,39,2917
2376,2578,39,2918
2617,2893,39,2919
2649,2904,39,2920
2720,2973,39,2921
2746,2938,39,2922
2899,2143,39,2923
2909,3039,39,2924
3120,3307,39,2925
3435,3610,39,2926
3632,3808,39,2927
3638,3662,39,2928
3822,2373,39,2929
87,18,38,2930
140,688,38,2931
144,34,38,2932
248,469,38,2933
303,708,38,2934
309,203,38,2935
314,204,38,2936
327,209,38,2937
714,804,38,2938
726,946,38,2939
752,602,38,2940
1083,1427,38,2941
1090,1430,38,2942
1110,1439,38,2943
1304,1493,38,2944
1335,1309,38,2945
1494,1562,38,2946
1578,1788,38,2947
1702,1391,38,2948
1736,1147,38,2949
1833,1946,38,2950
1893,2208,38,2951
2055,2270,38,2952
2060,2273,38,2953
2063,1911,38,2954
2092,2287,38,2955
2136,2320,38,2956
2259,2518,38,2957
2302,2784,38,2958
2352,2567,38,2959
2456,2861,38,2960
2582,2676,38,2961
2606,2023,38,2962
2671,2912,38,2963
2860,2127,38,2964
2939,3053,38,2965
3093,3122,38,2966
3130,3495,38,2967
3134,3497,38,2968
3189,3526,38,2969
3304,3565,38,2970
3351,3398,38,2971
3429,3202,38,2972
3447,3428,38,2973
3503,3637,38,2974
3740,3833,38,2975
3791,3884,38,2976
3818,2369,38,2977
3857,2408,38,2978
3878,2429,38,2979
48,659,37,2980
103,23,37,2981
163,39,37,2982
252,61,37,2983
493,526,37,2984
512,531,37,2985
540,541,37,2986
576,288,37,2987
667,791,37,2988
682,929,37,2989
709,592,37,2990
727,597,37,2991
736,951,37,2992
954,1013,37,2993
1089,884,37,2994
1134,1228,37,2995
1163,1240,37,2996
1187,1249,37,2997
1220,1681,37,2998
1514,1345,37,2999
1836,1949,37,3000
1864,1660,37,3001
1899,1957,37,3002
1980,2458,37,3003
1994,2245,37,3004
2002,2248,37,3005
2165,2336,37,3006
2217,2496,37,3007
2252,2515,37,3008
2375,2823,37,3009
2392,2586,37,3010
2395,2833,37,3011
2591,2681,37,3012
2645,2703,37,3013
2673,2913,37,3014
2695,2058,37,3015
2897,3035,37,3016
2924,3241,37,3017
2925,3046,37,3018
3011,3085,37,3019
3038,2181,37,3020
3048,2184,37,3021
3050,3104,37,3022
3259,3549,37,3023
3348,3397,37,3024
3364,3177,37,3025
3431,3203,37,3026
3511,3450,37,3027
3532,3459,37,3028
3535,3460,37,3029
3591,3484,37,3030
3859,2410,37,3031
44,656,36,3032
85,17,36,3033
131,684,36,3034
274,66,36,3035
351,496,36,3036
411,734,36,3037
555,127,36,3038
688,932,36,3039
734,950,36,3040
763,322,36,3041
799,820,36,3042
892,343,36,3043
976,367,36,3044
1053,1029,36,3045
1063,1033,36,3046
1125,1048,36,3047
1126,1445,36,3048
1255,1053,36,3049
1424,1085,36,3050
1541,1350,36,3051
1606,1369,36,3052
1629,1120,36,3053
1674,1134,36,3054
1706,1139,36,3055
1734,1828,36,3056
1740,1148,36,3057
1774,1632,36,3058
1796,1151,36,3059
1846,1646,36,3060
1851,1651,36,3061
1858,1658,36,3062
1872,1863,36,3063
1880,2203,36,3064
1926,2217,36,3065
1936,1877,36,3066
1957,2231,36,3067
1984,2460,36,3068
1986,2461,36,3069
2081,1922,36,3070
2083,1924,36,3071
2107,1933,36,3072
2153,2329,36,3073
2232,2508,36,3074
2272,2528,36,3075
2408,2594,36,3076
2424,2847,36,3077
2434,2608,36,3078
2519,2654,36,3079
2633,2033,36,3080
2706,2968,36,3081
2756,2982,36,3082
2769,2986,36,3083
2775,2988,36,3084
2852,2123,36,3085
2974,3261,36,3086
3022,3091,36,3087
3122,3308,36,3088
3198,3341,36,3089
3298,3563,36,3090
3415,3603,36,3091
3659,3681,36,3092
3891,2442,36,3093
28,400,35,3094
137,687,35,3095
215,172,35,3096
232,175,35,3097
442,107,35,3098
676,794,35,3099
716,942,35,3100
720,594,35,3101
766,812,35,3102
1086,883,35,3103
1129,1447,35,3104
1162,1460,35,3105
1266,1291,35,3106
1301,1061,35,3107
1372,1514,35,3108
1607,1596,35,3109
1645,1797,35,3110
1647,1798,35,3111
1661,1381,35,3112
1759,1835,35,3113
1762,1627,35,3114
1853,1653,35,3115
1946,1678,35,3116
2052,1906,35,3117
2206,2356,35,3118
2320,2796,35,3119
2492,2640,35,3120
2512,2651,35,3121
2534,2660,35,3122
2609,2690,35,3123
2616,2027,35,3124
2809,2106,35,3125
2980,3263,35,3126
3087,2193,35,3127
3137,3499,35,3128
3169,3329,35,3129
3179,3334,35,3130
3272,3149,35,3131
3306,3383,35,3132
3336,3578,35,3133
3406,3418,35,3134
3444,3427,35,3135
3557,3769,35,3136
3733,3826,35,3137
3771,3864,35,3138
3834,2385,35,3139
40,8,34,3140
51,11,34,3141
421,239,34,3142
660,917,34,3143
816,620,34,3144
989,371,34,3145
1142,1452,34,3146
1296,1060,34,3147
1400,1736,34,3148
1485,1558,34,3149
1515,1096,34,3150
1540,1773,34,3151
1545,1578,34,3152
1577,1787,34,3153
1634,1790,34,3154
1973,2238,34,3155
2101,2293,34,3156
2134,2318,34,3157
2199,2350,34,3158
2211,2490,34,3159
2300,2783,34,3160
2478,2871,34,3161
2490,2639,34,3162
2738,2078,34,3163
2744,2937,34,3164
2812,2107,34,3165
2874,2134,34,3166
2901,3233,34,3167
3062,2185,34,3168
3104,3296,34,3169
3262,3550,34,3170
3300,3158,34,3171
3370,3405,34,3172
3374,3179,34,3173
3407,3600,34,3174
3486,3219,34,3175
3671,3693,34,3176
3694,3716,34,3177
3701,3723,34,3178
3755,3848,34,3179
3795,3888,34,3180
3865,2416,34,3181
101,675,33,3182
152,36,33,3183
256,185,33,3184
282,68,33,3185
533,274,33,3186
580,291,33,3187
632,570,33,3188
790,612,33,3189
823,980,33,3190
855,634,33,3191
878,340,33,3192
949,1180,33,3193
987,857,33,3194
1038,385,33,3195
1060,873,33,3196
1096,1433,33,3197
1131,1050,33,3198
1275,1482,33,3199
1287,1059,33,3200
1317,1498,33,3201
1330,1307,33,3202
1373,1726,33,3203
1401,1080,33,3204
1501,1565,33,3205
1509,1568,33,3206
1564,1782,33,3207
1718,1142,33,3208
1890,1954,33,3209
1897,1669,33,3210
1918,1875,33,3211
1945,1880,33,3212
1948,1881,33,3213
2078,1919,33,3214
2100,1930,33,3215
2177,2732,33,3216
2240,2512,33,3217
2266,2522,33,3218
2414,2842,33,3219
2423,2602,33,3220
2525,2887,33,3221
2604,2022,33,3222
2636,2899,33,3223
2668,2044,33,3224
2691,2056,33,3225
3035,3098,33,3226
3054,3106,33,3227
3132,3496,33,3228
3224,3351,33,3229
3253,3365,33,3230
3636,3810,33,3231
3674,3696,33,3232
3805,3898,33,3233
3836,2387,33,3234
3854,2405,33,3235
30,652,32,3236
259,186,32,3237
350,85,32,3238
380,723,32,3239
517,118,32,3240
522,758,32,3241
535,275,32,3242
564,129,32,3243
565,546,32,3244
618,778,32,3245
695,308,32,3246
730,948,32,3247
762,606,32,3248
1005,376,32,3249
1013,378,32,3250
1048,1217,32,3251
1206,1478,32,3252
1235,1276,32,3253
1320,1499,32,3254
1321,1304,32,3255
1333,1308,32,3256
1369,1317,32,3257
1468,1549,32,3258
1585,1362,32,3259
1721,1396,32,3260
1746,1625,32,3261
1828,1642,32,3262
1835,1948,32,3263
1935,1970,32,3264
2026,2258,32,3265
2085,1926,32,3266
2176,2731,32,3267
2188,2346,32,3268
2293,2539,32,3269
2326,2552,32,3270
2340,2559,32,3271
2361,2815,32,3272
2454,2860,32,3273
2596,2018,32,3274
2612,2691,32,3275
2625,2895,32,3276
2646,2903,32,3277
2662,2042,32,3278
2669,2911,32,3279
2674,2047,32,3280
2766,2985,32,3281
2913,3041,32,3282
2922,3240,32,3283
3016,2171,32,3284
3065,2186,32,3285
3108,3300,32,3286
3156,3325,32,3287
3193,3129,32,3288
3221,3137,32,3289
3289,3378,32,3290
3320,3165,32,3291
3466,3622,32,3292
3500,3636,32,3293
3598,3645,32,3294
3614,3652,32,3295
3737,3830,32,3296
3774,3867,32,3297
16,649,31,3298
43,10,31,3299
77,416,31,3300
135,31,31,3301
199,167,31,3302
208,452,31,3303
247,180,31,3304
387,501,31,3305
428,739,31,3306
796,970,31,3307
835,330,31,3308
869,990,31,3309
877,840,31,3310
936,1175,31,3311
1179,1246,31,3312
1219,1267,31,3313
1379,1321,31,3314
1407,1526,31,3315
1530,1574,31,3316
1551,1352,31,3317
1571,1785,31,3318
1621,1376,31,3319
1690,1611,31,3320
1700,1614,31,3321
1962,2234,31,3322
2016,2254,31,3323
2128,2314,31,3324
2138,2322,31,3325
2180,2342,31,3326
2353,2811,31,3327
2513,1973,31,3328
2730,2932,31,3329
2795,2101,31,3330
2819,2110,31,3331
2870,3024,31,3332
2958,3255,31,3333
3003,3080,31,3334
3058,3108,31,3335
3080,3286,31,3336
3147,3320,31,3337
3205,3344,31,3338
3256,3548,31,3339
3268,3371,31,3340
3269,3552,31,3341
3451,3616,31,3342
3455,3210,31,3343
3593,3641,31,3344
3693,3715,31,3345
3707,3729,31,3346
3718,3740,31,3347
3734,3827,31,3348
3835,2386,31,3349
92,672,30,3350
127,147,30,3351
205,170,30,3352
216,50,30,3353
227,460,30,3354
394,503,30,3355
484,257,30,3356
541,277,30,3357
563,284,30,3358
724,806,30,3359
867,637,30,3360
896,998,30,3361
939,1010,30,3362
953,361,30,3363
974,1017,30,3364
1092,1431,30,3365
1111,1045,30,3366
1243,1691,30,3367
1336,1504,30,3368
1343,1507,30,3369
1357,1511,30,3370
1408,1082,30,3371
1612,1597,30,3372
1653,1129,30,3373
1723,1397,30,3374
1917,1964,30,3375
1959,1885,30,3376
1987,1893,30,3377
2054,1907,30,3378
2099,2292,30,3379
2126,2313,30,3380
2390,2585,30,3381
2597,2684,30,3382
2640,2035,30,3383
2643,2702,30,3384
2680,2916,30,3385
3136,3314,30,3386
3250,3142,30,3387
3411,3419,30,3388
3421,3422,30,3389
3452,3209,30,3390
3545,3762,30,3391
3639,3812,30,3392
3656,3678,30,3393
3668,3690,30,3394
3702,3724,30,3395
3799,3892,30,3396
3893,2444,30,3397
18,395,29,3398
21,132,29,3399
50,139,29,3400
72,412,29,3401
128,683,29,3402
184,446,29,3403
254,184,29,3404
272,193,29,3405
292,71,29,3406
324,489,29,3407
364,717,29,3408
430,740,29,3409
546,278,29,3410
571,550,29,3411
699,309,29,3412
705,802,29,3413
712,593,29,3414
870,839,29,3415
975,1189,29,3416
1011,1203,29,3417
1019,380,29,3418
1067,1035,29,3419
1164,897,29,3420
1212,1262,29,3421
1231,1274,29,3422
1282,1706,29,3423
1298,1297,29,3424
1319,1064,29,3425
1473,1552,29,3426
1487,1753,29,3427
1573,1786,29,3428
1704,1392,29,3429
1755,1833,29,3430
1861,2195,29,3431
1942,1879,29,3432
2096,1928,29,3433
2183,2736,29,3434
2382,2581,29,3435
2396,2588,29,3436
2487,2875,29,3437
2510,1972,29,3438
2552,1992,29,3439
2613,2026,29,3440
2817,3002,29,3441
2820,3003,29,3442
3139,3500,29,3443
3261,3146,29,3444
3295,3562,29,3445
3438,3204,29,3446
3442,3613,29,3447
3449,3208,29,3448
3491,3221,29,3449
3617,3653,29,3450
3747,3840,29,3451
3776,3869,29,3452
3792,3885,29,3453
61,141,28,3454
151,436,28,3455
217,51,28,3456
231,56,28,3457
343,83,28,3458
395,230,28,3459
405,732,28,3460
866,838,28,3461
902,1000,28,3462
1159,1459,28,3463
1259,1288,28,3464
1322,1065,28,3465
1359,1314,28,3466
1362,1722,28,3467
1375,1727,28,3468
1393,1078,28,3469
1537,1576,28,3470
1538,1101,28,3471
1575,1105,28,3472
1680,1811,28,3473
1751,1405,28,3474
1776,1633,28,3475
1827,1943,28,3476
2125,2312,28,3477
2135,2319,28,3478
2142,2325,28,3479
2174,2729,28,3480
2271,2527,28,3481
2279,2532,28,3482
2365,2817,28,3483
2394,2587,28,3484
2442,2855,28,3485
2528,2888,28,3486
2568,2670,28,3487
2574,2673,28,3488
2732,2076,28,3489
2789,2099,28,3490
2800,2955,28,3491
2818,2960,28,3492
2841,2118,28,3493
3125,3492,28,3494
3237,3543,28,3495
3238,3356,28,3496
3243,3546,28,3497
3325,3573,28,3498
3360,3587,28,3499
3510,3449,28,3500
3513,3744,28,3501
3634,3809,28,3502
3652,3674,28,3503
3803,3896,28,3504
33,653,27,3505
178,160,27,3506
200,168,27,3507
410,233,27,3508
542,542,27,3509
811,824,27,3510
819,622,27,3511
1002,374,27,3512
1073,1423,27,3513
1172,1243,27,3514
1182,1468,27,3515
1191,1471,27,3516
1277,1056,27,3517
1459,1342,27,3518
1474,1746,27,3519
1489,1754,27,3520
1525,1098,27,3521
1701,1818,27,3522
1929,2218,27,3523
2064,2275,27,3524
2086,2282,27,3525
2216,2495,27,3526
2360,2571,27,3527
2362,2572,27,3528
2370,2820,27,3529
2479,2633,27,3530
2558,1997,27,3531
2563,2001,27,3532
2623,2695,27,3533
2658,2907,27,3534
2742,2936,27,3535
2919,3043,27,3536
3119,3489,27,3537
3129,3311,27,3538
3323,3572,27,3539
3445,3614,27,3540
3544,3464,27,3541
3624,3656,27,3542
3738,3831,27,3543
3885,2436,27,3544
71,411,26,3545
83,667,26,3546
111,424,26,3547
161,157,26,3548
298,73,26,3549
407,232,26,3550
454,111,26,3551
526,273,26,3552
583,292,26,3553
603,298,26,3554
636,781,26,3555
681,796,26,3556
741,600,26,3557
791,968,26,3558
860,836,26,3559
997,859,26,3560
1035,866,26,3561
1133,892,26,3562
1192,1251,26,3563
1238,1689,26,3564
1295,1490,26,3565
1471,1551,26,3566
1620,1601,26,3567
1636,1791,26,3568
1693,1612,26,3569
1789,1845,26,3570
1837,1860,26,3571
2053,2269,26,3572
2201,2351,26,3573
2418,2844,26,3574
2470,2628,26,3575
2590,2015,26,3576
2855,3017,26,3577
2868,3023,26,3578
2878,3028,26,3579
2962,3257,26,3580
2987,3071,26,3581
3101,3126,26,3582
3121,3490,26,3583
3248,3362,26,3584
3285,3558,26,3585
3350,3172,26,3586
3414,3420,26,3587
3531,3754,26,3588
3564,3773,26,3589
3618,3800,26,3590
3620,3801,26,3591
3732,3825,26,3592
3847,2398,26,3593
3864,2415,26,3594
3877,2428,26,3595
115,26,25,3596
117,681,25,3597
213,171,25,3598
289,196,25,3599
402,731,25,3600
470,251,25,3601
628,911,25,3602
777,609,25,3603
884,643,25,3604
941,359,25,3605
950,1012,25,3606
1025,382,25,3607
1076,1038,25,3608
1093,1042,25,3609
1118,1442,25,3610
1144,1453,25,3611
1318,1303,25,3612
1534,1575,25,3613
1579,1586,25,3614
1593,1109,25,3615
1613,1115,25,3616
1790,1418,25,3617
1855,1655,25,3618
1877,2202,25,3619
1905,2211,25,3620
1947,2225,25,3621
2071,2279,25,3622
2185,2737,25,3623
2225,2747,25,3624
2265,2769,25,3625
2286,2776,25,3626
2330,2554,25,3627
2354,2568,25,3628
2415,2598,25,3629
2431,2850,25,3630
2559,1998,25,3631
2577,2008,25,3632
2601,2686,25,3633
2615,2692,25,3634
2660,2041,25,3635
2726,2074,25,3636
2779,2095,25,3637
2801,2103,25,3638
2836,2965,25,3639
3042,3271,25,3640
3263,3369,25,3641
3273,3373,25,3642
3278,3151,25,3643
3290,3560,25,3644
3448,3615,25,3645
3523,3749,25,3646
3571,3777,25,3647
3746,3839,25,3648
3789,3882,25,3649
3821,2372,25,3650
3898,2449,25,3651
226,54,24,3652
244,467,24,3653
397,504,24,3654
425,738,24,3655
439,105,24,3656
479,756,24,3657
672,922,24,3658
674,924,24,3659
690,933,24,3660
703,938,24,3661
729,947,24,3662
737,315,24,3663
739,316,24,3664
785,817,24,3665
872,640,24,3666
882,841,24,3667
946,1011,24,3668
970,1016,24,3669
1113,1224,24,3670
1195,1473,24,3671
1264,1290,24,3672
1378,1320,24,3673
1452,1545,24,3674
1587,1589,24,3675
1767,1839,24,3676
1772,1412,24,3677
1785,1636,24,3678
1870,1663,24,3679
2066,2276,24,3680
2170,2341,24,3681
2268,2524,24,3682
2290,2778,24,3683
2318,2795,24,3684
2679,2050,24,3685
2692,2922,24,3686
2711,2928,24,3687
2741,2080,24,3688
2794,2953,24,3689
2886,3031,24,3690
3075,3284,24,3691
3117,3488,24,3692
3312,3385,24,3693
3331,3577,24,3694
3341,3169,24,3695
3428,3201,24,3696
3443,3206,24,3697
3504,3444,24,3698
3549,3764,24,3699
3867,2418,24,3700
3886,2437,24,3701
45,657,23,3702
114,425,23,3703
165,439,23,3704
180,161,23,3705
188,449,23,3706
496,528,23,3707
662,586,23,3708
753,958,23,3709
767,608,23,3710
952,1181,23,3711
1055,1220,23,3712
1078,1425,23,3713
1145,1233,23,3714
1174,1244,23,3715
1199,1254,23,3716
1208,1479,23,3717
1284,1058,23,3718
1305,1300,23,3719
1309,1496,23,3720
1364,1513,23,3721
1478,1748,23,3722
1559,1104,23,3723
1695,1389,23,3724
1728,1144,23,3725
1742,1401,23,3726
1784,1635,23,3727
1819,1939,23,3728
2215,2494,23,3729
2244,2757,23,3730
2338,2558,23,3731
2406,2593,23,3732
2457,2621,23,3733
2488,2638,23,3734
2548,1988,23,3735
2593,2682,23,3736
2602,2021,23,3737
2611,2025,23,3738
2624,2030,23,3739
2735,2077,23,3740
2798,2102,23,3741
2838,2117,23,3742
2905,2145,23,3743
2912,2147,23,3744
3068,2187,23,3745
3100,3293,23,3746
3105,3297,23,3747
3177,3333,23,3748
3181,3335,23,3749
3188,3338,23,3750
3251,3364,23,3751
3279,3556,23,3752
3454,3617,23,3753
3539,3462,23,3754
3669,3691,23,3755
3716,3738,23,3756
3819,2370,23,3757
3831,2382,23,3758
112,25,22,3759
306,202,22,3760
332,211,22,3761
368,719,22,3762
372,720,22,3763
379,226,22,3764
399,505,22,3765
534,539,22,3766
596,773,22,3767
643,916,22,3768
702,310,22,3769
742,317,22,3770
947,1179,22,3771
1007,1201,22,3772
1056,1030,22,3773
1091,1041,22,3774
1120,1047,22,3775
1152,1236,22,3776
1276,1704,22,3777
1332,1714,22,3778
1385,1731,22,3779
1409,1527,22,3780
1532,1771,22,3781
1576,1359,22,3782
1791,1637,22,3783
1873,1664,22,3784
1921,1672,22,3785
2023,2257,22,3786
2043,1903,22,3787
2044,2263,22,3788
2106,2296,22,3789
2131,2712,22,3790
2301,2543,22,3791
2443,2613,22,3792
2740,2935,22,3793
2945,3056,22,3794
2951,3058,22,3795
2981,3068,22,3796
3161,3510,22,3797
3254,3144,22,3798
3337,3579,22,3799
3469,3213,22,3800
3495,3635,22,3801
3853,2404,22,3802
177,692,21,3803
189,695,21,3804
192,451,21,3805
204,46,21,3806
257,63,21,3807
653,787,21,3808
789,818,21,3809
935,846,21,3810
945,1178,21,3811
957,1183,21,3812
1346,1310,21,3813
1383,1730,21,3814
1416,1531,21,3815
1435,1089,21,3816
1462,1741,21,3817
1518,1346,21,3818
1615,1598,21,3819
1673,1607,21,3820
1747,1403,21,3821
1763,1628,21,3822
1809,1157,21,3823
1814,1638,21,3824
1875,1864,21,3825
1992,2244,21,3826
1993,2464,21,3827
2003,2469,21,3828
2075,2281,21,3829
2209,2488,21,3830
2315,2547,21,3831
2426,2848,21,3832
2511,2650,21,3833
2576,2674,21,3834
2581,2011,21,3835
2713,2068,21,3836
2793,2994,21,3837
2853,3016,21,3838
2933,2150,21,3839
2953,3253,21,3840
3020,3090,21,3841
3113,3486,21,3842
3220,3537,21,3843
3252,3143,21,3844
3550,3765,21,3845
3670,3692,21,3846
3765,3858,21,3847
3775,3868,21,3848
32,6,20,3849
118,27,20,3850
181,445,20,3851
222,53,20,3852
404,508,20,3853
406,509,20,3854
483,256,20,3855
594,295,20,3856
694,587,20,3857
697,801,20,3858
815,978,20,3859
868,638,20,3860
871,639,20,3861
890,342,20,3862
956,851,20,3863
1047,1216,20,3864
1049,868,20,3865
1279,1705,20,3866
1325,1066,20,3867
1341,1506,20,3868
1370,1724,20,3869
1493,1756,20,3870
1640,1125,20,3871
1644,1796,20,3872
1749,1404,20,3873
1902,2210,20,3874
1991,1894,20,3875
2113,2302,20,3876
2325,2799,20,3877
2344,2562,20,3878
2380,2580,20,3879
2515,1974,20,3880
2516,2653,20,3881
2620,2894,20,3882
2629,2697,20,3883
2672,2046,20,3884
2781,2990,20,3885
2950,3252,20,3886
2995,2165,20,3887
3010,3084,20,3888
3053,3275,20,3889
3196,3130,20,3890
3199,3131,20,3891
3200,3530,20,3892
3518,3453,20,3893
3590,3639,20,3894
3608,3794,20,3895
3619,3654,20,3896
3762,3855,20,3897
3788,3881,20,3898
3823,2374,20,3899
3888,2439,20,3900
